-- phpMyAdmin SQL Dump
-- version 5.0.1
-- https://www.phpmyadmin.net/
--
-- Gép: 127.0.0.1
-- Létrehozás ideje: 2020. Már 05. 16:20
-- Kiszolgáló verziója: 10.4.11-MariaDB
-- PHP verzió: 7.4.1

SET SQL_MODE = "NO_AUTO_VALUE_ON_ZERO";
SET AUTOCOMMIT = 0;
START TRANSACTION;
SET time_zone = "+00:00";


/*!40101 SET @OLD_CHARACTER_SET_CLIENT=@@CHARACTER_SET_CLIENT */;
/*!40101 SET @OLD_CHARACTER_SET_RESULTS=@@CHARACTER_SET_RESULTS */;
/*!40101 SET @OLD_COLLATION_CONNECTION=@@COLLATION_CONNECTION */;
/*!40101 SET NAMES utf8mb4 */;

--
-- Adatbázis: `jarmukolcsonzo`
--
CREATE DATABASE IF NOT EXISTS `jarmukolcsonzo` DEFAULT CHARACTER SET utf8 COLLATE utf8_general_ci;
USE `jarmukolcsonzo`;

-- --------------------------------------------------------

--
-- Tábla szerkezet ehhez a táblához `jarmu`
--

CREATE TABLE `jarmu` (
  `Id` int(11) NOT NULL,
  `rendszam` varchar(10) CHARACTER SET utf8mb4 NOT NULL,
  `kategoriaId` int(11) NOT NULL,
  `tipus` varchar(50) CHARACTER SET utf8mb4 DEFAULT NULL,
  `modell` varchar(50) CHARACTER SET utf8mb4 DEFAULT NULL,
  `ferohely` int(2) DEFAULT NULL,
  `fogyasztas` double DEFAULT NULL,
  `elerheto` tinyint(1) NOT NULL DEFAULT 1,
  `szervizben` tinyint(1) NOT NULL DEFAULT 0,
  `szervizDatum` datetime DEFAULT current_timestamp(),
  `muszakiDatum` datetime DEFAULT NULL,
  `beszerzesDatum` datetime DEFAULT current_timestamp()
) ENGINE=InnoDB DEFAULT CHARSET=utf8;

--
-- A tábla adatainak kiíratása `jarmu`
--

INSERT INTO `jarmu` (`Id`, `rendszam`, `kategoriaId`, `tipus`, `modell`, `ferohely`, `fogyasztas`, `elerheto`, `szervizben`, `szervizDatum`, `muszakiDatum`, `beszerzesDatum`) VALUES
(1, 'TESZT', 2, 'IFA2', '', 0, 2.3, 1, 0, '1900-01-01 00:00:00', '1900-01-01 00:00:00', '1900-01-01 00:00:00'),
(2, 'TESZT-123', 3, NULL, NULL, 0, 5.54, 0, 1, '0001-01-01 00:00:00', '0001-01-01 00:00:00', '0001-01-01 00:00:00'),
(3, 'PQA-209', 1, 'BMW', '250 Isetta, 300 Isetta', 0, 0, 0, 0, '0000-00-00 00:00:00', '0000-00-00 00:00:00', '0000-00-00 00:00:00'),
(4, 'HLH-090', 1, 'BMW', '600', 0, 0, 0, 0, '0000-00-00 00:00:00', '0000-00-00 00:00:00', '0000-00-00 00:00:00'),
(5, 'GTB-868', 1, 'BMW', '700', 0, 0, 0, 0, '0000-00-00 00:00:00', '0000-00-00 00:00:00', '0000-00-00 00:00:00'),
(6, 'JHT-482', 1, 'BMW', 'i3', 0, 0, 0, 0, '0000-00-00 00:00:00', '0000-00-00 00:00:00', '0000-00-00 00:00:00'),
(7, 'GCJ-707', 1, 'BMW', '1', 0, 0, 0, 0, '0000-00-00 00:00:00', '0000-00-00 00:00:00', '0000-00-00 00:00:00'),
(8, 'OUD-988', 1, 'BMW', '1', 0, 0, 0, 0, '0000-00-00 00:00:00', '0000-00-00 00:00:00', '0000-00-00 00:00:00'),
(9, 'OPM-377', 1, 'BMW', '2', 0, 0, 0, 0, '0000-00-00 00:00:00', '0000-00-00 00:00:00', '0000-00-00 00:00:00'),
(10, 'HHH-953', 1, 'BMW', '1', 0, 0, 0, 0, '0000-00-00 00:00:00', '0000-00-00 00:00:00', '0000-00-00 00:00:00'),
(11, 'RDE-194', 1, 'BMW', '1602', 0, 0, 0, 0, '0000-00-00 00:00:00', '0000-00-00 00:00:00', '0000-00-00 00:00:00'),
(12, 'OWT-234', 1, 'BMW', '3', 0, 0, 0, 0, '0000-00-00 00:00:00', '0000-00-00 00:00:00', '0000-00-00 00:00:00'),
(13, 'JIB-510', 1, 'BMW', 'M3', 0, 0, 0, 0, '0000-00-00 00:00:00', '0000-00-00 00:00:00', '0000-00-00 00:00:00'),
(14, 'NND-081', 1, 'BMW', 'M3', 0, 0, 0, 0, '0000-00-00 00:00:00', '0000-00-00 00:00:00', '0000-00-00 00:00:00'),
(15, 'HQV-419', 1, 'BMW', ' M3', 0, 0, 0, 0, '0000-00-00 00:00:00', '0000-00-00 00:00:00', '0000-00-00 00:00:00'),
(16, 'KPN-025', 1, 'BMW', 'M3', 0, 0, 0, 0, '0000-00-00 00:00:00', '0000-00-00 00:00:00', '0000-00-00 00:00:00'),
(17, 'PGR-744', 1, 'BMW', 'M3', 0, 0, 0, 0, '0000-00-00 00:00:00', '0000-00-00 00:00:00', '0000-00-00 00:00:00'),
(18, 'JBT-981', 1, 'BMW', ' M4', 0, 0, 0, 0, '0000-00-00 00:00:00', '0000-00-00 00:00:00', '0000-00-00 00:00:00'),
(19, 'JAP-397', 1, 'BMW', 'M3', 0, 0, 0, 0, '0000-00-00 00:00:00', '0000-00-00 00:00:00', '0000-00-00 00:00:00'),
(20, 'NGY-242', 1, 'BMW', 'M4', 0, 0, 0, 0, '0000-00-00 00:00:00', '0000-00-00 00:00:00', '0000-00-00 00:00:00'),
(21, 'MNJ-234', 1, 'BMW', '3 GT', 0, 0, 0, 0, '0000-00-00 00:00:00', '0000-00-00 00:00:00', '0000-00-00 00:00:00'),
(22, 'JQE-902', 1, 'BMW', '1500', 0, 0, 0, 0, '0000-00-00 00:00:00', '0000-00-00 00:00:00', '0000-00-00 00:00:00'),
(23, 'MSK-448', 1, 'BMW', '5', 0, 0, 0, 0, '0000-00-00 00:00:00', '0000-00-00 00:00:00', '0000-00-00 00:00:00'),
(24, 'RMS-515', 1, 'BMW', '5', 0, 0, 0, 0, '0000-00-00 00:00:00', '0000-00-00 00:00:00', '0000-00-00 00:00:00'),
(25, 'GSV-410', 1, 'BMW', '5', 0, 0, 0, 0, '0000-00-00 00:00:00', '0000-00-00 00:00:00', '0000-00-00 00:00:00'),
(26, 'POK-453', 1, 'BMW', 'M5', 0, 0, 0, 0, '0000-00-00 00:00:00', '0000-00-00 00:00:00', '0000-00-00 00:00:00'),
(27, 'NCI-603', 1, 'BMW', 'M5', 0, 0, 0, 0, '0000-00-00 00:00:00', '0000-00-00 00:00:00', '0000-00-00 00:00:00'),
(28, 'IWN-527', 1, 'BMW', '5', 0, 0, 0, 0, '0000-00-00 00:00:00', '0000-00-00 00:00:00', '0000-00-00 00:00:00'),
(29, 'GQK-963', 1, 'BMW', '5', 0, 0, 0, 0, '0000-00-00 00:00:00', '0000-00-00 00:00:00', '0000-00-00 00:00:00'),
(30, 'IGG-904', 1, 'BMW', '5 GT', 0, 0, 0, 0, '0000-00-00 00:00:00', '0000-00-00 00:00:00', '0000-00-00 00:00:00'),
(31, 'JKM-494', 1, 'BMW', '6 GT', 0, 0, 0, 0, '0000-00-00 00:00:00', '0000-00-00 00:00:00', '0000-00-00 00:00:00'),
(32, 'LDN-259', 1, 'BMW', 'New Six CS', 0, 0, 0, 0, '0000-00-00 00:00:00', '0000-00-00 00:00:00', '0000-00-00 00:00:00'),
(33, 'GGG-497', 1, 'BMW', '6, M6', 0, 0, 0, 0, '0000-00-00 00:00:00', '0000-00-00 00:00:00', '0000-00-00 00:00:00'),
(34, 'NVK-374', 1, 'BMW', '8', 0, 0, 0, 0, '0000-00-00 00:00:00', '0000-00-00 00:00:00', '0000-00-00 00:00:00'),
(35, 'GVF-137', 1, 'BMW', '6, M6', 0, 0, 0, 0, '0000-00-00 00:00:00', '0000-00-00 00:00:00', '0000-00-00 00:00:00'),
(36, 'MVE-141', 1, 'BMW', '6, M6', 0, 0, 0, 0, '0000-00-00 00:00:00', '0000-00-00 00:00:00', '0000-00-00 00:00:00'),
(37, 'ISN-346', 1, 'BMW', '501', 0, 0, 0, 0, '0000-00-00 00:00:00', '0000-00-00 00:00:00', '0000-00-00 00:00:00'),
(38, 'GDE-989', 1, 'BMW', '502', 0, 0, 0, 0, '0000-00-00 00:00:00', '0000-00-00 00:00:00', '0000-00-00 00:00:00'),
(39, 'JLC-242', 1, 'BMW', '503', 0, 0, 0, 0, '0000-00-00 00:00:00', '0000-00-00 00:00:00', '0000-00-00 00:00:00'),
(40, 'PAU-310', 1, 'BMW', '3200 CS', 0, 0, 0, 0, '0000-00-00 00:00:00', '0000-00-00 00:00:00', '0000-00-00 00:00:00'),
(41, 'NUC-357', 1, 'BMW', 'New Six', 0, 0, 0, 0, '0000-00-00 00:00:00', '0000-00-00 00:00:00', '0000-00-00 00:00:00'),
(42, 'HXL-355', 1, 'BMW', '7', 0, 0, 0, 0, '0000-00-00 00:00:00', '0000-00-00 00:00:00', '0000-00-00 00:00:00'),
(43, 'KOO-956', 1, 'BMW', '7', 0, 0, 0, 0, '0000-00-00 00:00:00', '0000-00-00 00:00:00', '0000-00-00 00:00:00'),
(44, 'KOA-428', 1, 'BMW', '7', 0, 0, 0, 0, '0000-00-00 00:00:00', '0000-00-00 00:00:00', '0000-00-00 00:00:00'),
(45, 'HBN-630', 1, 'BMW', '7', 0, 0, 0, 0, '0000-00-00 00:00:00', '0000-00-00 00:00:00', '0000-00-00 00:00:00'),
(46, 'OAP-903', 1, 'BMW', '7', 0, 0, 0, 0, '0000-00-00 00:00:00', '0000-00-00 00:00:00', '0000-00-00 00:00:00'),
(47, 'LDR-180', 1, 'BMW', '7', 0, 0, 0, 0, '0000-00-00 00:00:00', '0000-00-00 00:00:00', '0000-00-00 00:00:00'),
(48, 'LGI-778', 1, 'BMW', 'Z1', 0, 0, 0, 0, '0000-00-00 00:00:00', '0000-00-00 00:00:00', '0000-00-00 00:00:00'),
(49, 'NCR-500', 1, 'BMW', 'Z3, M', 0, 0, 0, 0, '0000-00-00 00:00:00', '0000-00-00 00:00:00', '0000-00-00 00:00:00'),
(50, 'GSL-971', 1, 'BMW', 'Z4', 0, 0, 0, 0, '0000-00-00 00:00:00', '0000-00-00 00:00:00', '0000-00-00 00:00:00'),
(51, 'MUE-837', 1, 'BMW', 'Z4', 0, 0, 0, 0, '0000-00-00 00:00:00', '0000-00-00 00:00:00', '0000-00-00 00:00:00'),
(52, 'MYN-587', 1, 'BMW', '507', 0, 0, 0, 0, '0000-00-00 00:00:00', '0000-00-00 00:00:00', '0000-00-00 00:00:00'),
(53, 'JCO-273', 1, 'BMW', 'M1', 0, 0, 0, 0, '0000-00-00 00:00:00', '0000-00-00 00:00:00', '0000-00-00 00:00:00'),
(54, 'OBO-669', 1, 'BMW', 'Z8', 0, 0, 0, 0, '0000-00-00 00:00:00', '0000-00-00 00:00:00', '0000-00-00 00:00:00'),
(55, 'JYN-778', 1, 'BMW', 'i8', 0, 0, 0, 0, '0000-00-00 00:00:00', '0000-00-00 00:00:00', '0000-00-00 00:00:00'),
(56, 'GPK-782', 1, 'BMW', 'X1', 0, 0, 0, 0, '0000-00-00 00:00:00', '0000-00-00 00:00:00', '0000-00-00 00:00:00'),
(57, 'HTG-495', 1, 'BMW', 'X1', 0, 0, 0, 0, '0000-00-00 00:00:00', '0000-00-00 00:00:00', '0000-00-00 00:00:00'),
(58, 'NEN-894', 1, 'BMW', 'X2', 0, 0, 0, 0, '0000-00-00 00:00:00', '0000-00-00 00:00:00', '0000-00-00 00:00:00'),
(59, 'IYK-163', 1, 'BMW', 'X3', 0, 0, 0, 0, '0000-00-00 00:00:00', '0000-00-00 00:00:00', '0000-00-00 00:00:00'),
(60, 'KOO-646', 1, 'BMW', 'X3', 0, 0, 0, 0, '0000-00-00 00:00:00', '0000-00-00 00:00:00', '0000-00-00 00:00:00'),
(61, 'HWT-760', 1, 'BMW', 'X3', 0, 0, 0, 0, '0000-00-00 00:00:00', '0000-00-00 00:00:00', '0000-00-00 00:00:00'),
(62, 'PXR-049', 1, 'BMW', 'X4', 0, 0, 0, 0, '0000-00-00 00:00:00', '0000-00-00 00:00:00', '0000-00-00 00:00:00'),
(63, 'HVB-511', 1, 'BMW', 'X4', 0, 0, 0, 0, '0000-00-00 00:00:00', '0000-00-00 00:00:00', '0000-00-00 00:00:00'),
(64, 'RDT-066', 1, 'BMW', 'X5', 0, 0, 0, 0, '0000-00-00 00:00:00', '0000-00-00 00:00:00', '0000-00-00 00:00:00'),
(65, 'JSR-343', 1, 'BMW', 'X5', 0, 0, 0, 0, '0000-00-00 00:00:00', '0000-00-00 00:00:00', '0000-00-00 00:00:00'),
(66, 'HRY-314', 1, 'BMW', 'X5', 0, 0, 0, 0, '0000-00-00 00:00:00', '0000-00-00 00:00:00', '0000-00-00 00:00:00'),
(67, 'MJI-798', 1, 'BMW', 'X6', 0, 0, 0, 0, '0000-00-00 00:00:00', '0000-00-00 00:00:00', '0000-00-00 00:00:00'),
(68, 'OTM-344', 1, 'BMW', 'X6', 0, 0, 0, 0, '0000-00-00 00:00:00', '0000-00-00 00:00:00', '0000-00-00 00:00:00'),
(69, 'OPK-157', 1, 'BMW', 'X7', 0, 0, 0, 0, '0000-00-00 00:00:00', '0000-00-00 00:00:00', '0000-00-00 00:00:00'),
(70, 'MYL-546', 1, 'Cadillac', 'Cimarron', 0, 0, 0, 0, '0000-00-00 00:00:00', '0000-00-00 00:00:00', '0000-00-00 00:00:00'),
(71, 'KPK-224', 1, 'Cadillac', 'BLS', 0, 0, 0, 0, '0000-00-00 00:00:00', '0000-00-00 00:00:00', '0000-00-00 00:00:00'),
(72, 'GTD-770', 1, 'Cadillac', 'ATS', 0, 0, 0, 0, '0000-00-00 00:00:00', '0000-00-00 00:00:00', '0000-00-00 00:00:00'),
(73, 'NRR-826', 1, 'Cadillac', 'ELR', 0, 0, 0, 0, '0000-00-00 00:00:00', '0000-00-00 00:00:00', '0000-00-00 00:00:00'),
(74, 'JNP-144', 1, 'Cadillac', 'Catera', 0, 0, 0, 0, '0000-00-00 00:00:00', '0000-00-00 00:00:00', '0000-00-00 00:00:00'),
(75, 'HHT-581', 1, 'Cadillac', 'CTS', 0, 0, 0, 0, '0000-00-00 00:00:00', '0000-00-00 00:00:00', '0000-00-00 00:00:00'),
(76, 'RXW-422', 1, 'Cadillac', 'CTS', 0, 0, 0, 0, '0000-00-00 00:00:00', '0000-00-00 00:00:00', '0000-00-00 00:00:00'),
(77, 'NAK-876', 1, 'Cadillac', 'CTS', 0, 0, 0, 0, '0000-00-00 00:00:00', '0000-00-00 00:00:00', '0000-00-00 00:00:00'),
(78, 'IPC-445', 1, 'Cadillac', '60', 0, 0, 0, 0, '0000-00-00 00:00:00', '0000-00-00 00:00:00', '0000-00-00 00:00:00'),
(79, 'JIH-347', 1, 'Cadillac', '61', 0, 0, 0, 0, '0000-00-00 00:00:00', '0000-00-00 00:00:00', '0000-00-00 00:00:00'),
(80, 'PSX-877', 1, 'Cadillac', '61', 0, 0, 0, 0, '0000-00-00 00:00:00', '0000-00-00 00:00:00', '0000-00-00 00:00:00'),
(81, 'OTM-324', 1, 'Cadillac', '61', 0, 0, 0, 0, '0000-00-00 00:00:00', '0000-00-00 00:00:00', '0000-00-00 00:00:00'),
(82, 'JEV-514', 1, 'Cadillac', '61', 0, 0, 0, 0, '0000-00-00 00:00:00', '0000-00-00 00:00:00', '0000-00-00 00:00:00'),
(83, 'LTW-891', 1, 'Cadillac', '65', 0, 0, 0, 0, '0000-00-00 00:00:00', '0000-00-00 00:00:00', '0000-00-00 00:00:00'),
(84, 'MAG-833', 1, 'Cadillac', '62', 0, 0, 0, 0, '0000-00-00 00:00:00', '0000-00-00 00:00:00', '0000-00-00 00:00:00'),
(85, 'RQS-175', 1, 'Cadillac', '62', 0, 0, 0, 0, '0000-00-00 00:00:00', '0000-00-00 00:00:00', '0000-00-00 00:00:00'),
(86, 'GWU-378', 1, 'Cadillac', '62', 0, 0, 0, 0, '0000-00-00 00:00:00', '0000-00-00 00:00:00', '0000-00-00 00:00:00'),
(87, 'JBU-465', 1, 'Cadillac', '62', 0, 0, 0, 0, '0000-00-00 00:00:00', '0000-00-00 00:00:00', '0000-00-00 00:00:00'),
(88, 'JUF-798', 1, 'Cadillac', '62', 0, 0, 0, 0, '0000-00-00 00:00:00', '0000-00-00 00:00:00', '0000-00-00 00:00:00'),
(89, 'PIP-608', 1, 'Cadillac', '6200', 0, 0, 0, 0, '0000-00-00 00:00:00', '0000-00-00 00:00:00', '0000-00-00 00:00:00'),
(90, 'OLJ-052', 1, 'Cadillac', '6200', 0, 0, 0, 0, '0000-00-00 00:00:00', '0000-00-00 00:00:00', '0000-00-00 00:00:00'),
(91, 'MHS-833', 1, 'Cadillac', 'Calais', 0, 0, 0, 0, '0000-00-00 00:00:00', '0000-00-00 00:00:00', '0000-00-00 00:00:00'),
(92, 'NYE-350', 1, 'Cadillac', 'Calais', 0, 0, 0, 0, '0000-00-00 00:00:00', '0000-00-00 00:00:00', '0000-00-00 00:00:00'),
(93, 'LCE-865', 1, 'Cadillac', 'Seville', 0, 0, 0, 0, '0000-00-00 00:00:00', '0000-00-00 00:00:00', '0000-00-00 00:00:00'),
(94, 'KMI-937', 1, 'Cadillac', 'Seville', 0, 0, 0, 0, '0000-00-00 00:00:00', '0000-00-00 00:00:00', '0000-00-00 00:00:00'),
(95, 'OYV-728', 1, 'Cadillac', 'Seville', 0, 0, 0, 0, '0000-00-00 00:00:00', '0000-00-00 00:00:00', '0000-00-00 00:00:00'),
(96, 'MJG-634', 1, 'Cadillac', 'Seville', 0, 0, 0, 0, '0000-00-00 00:00:00', '0000-00-00 00:00:00', '0000-00-00 00:00:00'),
(97, 'MBB-105', 1, 'Cadillac', 'Seville', 0, 0, 0, 0, '0000-00-00 00:00:00', '0000-00-00 00:00:00', '0000-00-00 00:00:00'),
(98, 'HEN-432', 1, 'Cadillac', 'STS', 0, 0, 0, 0, '0000-00-00 00:00:00', '0000-00-00 00:00:00', '0000-00-00 00:00:00'),
(99, 'RWI-501', 1, 'Cadillac', 'Sedan de Ville', 0, 0, 0, 0, '0000-00-00 00:00:00', '0000-00-00 00:00:00', '0000-00-00 00:00:00'),
(100, 'JJK-091', 1, 'Cadillac', 'Sedan de Ville', 0, 0, 0, 0, '0000-00-00 00:00:00', '0000-00-00 00:00:00', '0000-00-00 00:00:00'),
(101, 'HDU-757', 1, 'Cadillac', 'Sedan de Ville', 0, 0, 0, 0, '0000-00-00 00:00:00', '0000-00-00 00:00:00', '0000-00-00 00:00:00'),
(102, 'PSR-812', 1, 'Cadillac', 'Sedan de Ville', 0, 0, 0, 0, '0000-00-00 00:00:00', '0000-00-00 00:00:00', '0000-00-00 00:00:00'),
(103, 'NJG-610', 1, 'Cadillac', 'Sedan de Ville', 0, 0, 0, 0, '0000-00-00 00:00:00', '0000-00-00 00:00:00', '0000-00-00 00:00:00'),
(104, 'ROG-590', 1, 'Cadillac', 'Sedan de Ville', 0, 0, 0, 0, '0000-00-00 00:00:00', '0000-00-00 00:00:00', '0000-00-00 00:00:00'),
(105, 'HYP-133', 1, 'Cadillac', 'Sedan de Ville', 0, 0, 0, 0, '0000-00-00 00:00:00', '0000-00-00 00:00:00', '0000-00-00 00:00:00'),
(106, 'JUG-740', 1, 'Cadillac', 'Sedan de Ville', 0, 0, 0, 0, '0000-00-00 00:00:00', '0000-00-00 00:00:00', '0000-00-00 00:00:00'),
(107, 'JLA-859', 1, 'Cadillac', 'DTS', 0, 0, 0, 0, '0000-00-00 00:00:00', '0000-00-00 00:00:00', '0000-00-00 00:00:00'),
(108, 'NYT-454', 1, 'Cadillac', 'XTS', 0, 0, 0, 0, '0000-00-00 00:00:00', '0000-00-00 00:00:00', '0000-00-00 00:00:00'),
(109, 'OSV-318', 1, 'Cadillac', 'CT6', 0, 0, 0, 0, '0000-00-00 00:00:00', '0000-00-00 00:00:00', '0000-00-00 00:00:00'),
(110, 'RTX-970', 1, 'Cadillac', 'Coupe de Ville', 0, 0, 0, 0, '0000-00-00 00:00:00', '0000-00-00 00:00:00', '0000-00-00 00:00:00'),
(111, 'IVL-515', 1, 'Cadillac', 'Coupe de Ville', 0, 0, 0, 0, '0000-00-00 00:00:00', '0000-00-00 00:00:00', '0000-00-00 00:00:00'),
(112, 'NTF-055', 1, 'Cadillac', 'Coupe de Ville', 0, 0, 0, 0, '0000-00-00 00:00:00', '0000-00-00 00:00:00', '0000-00-00 00:00:00'),
(113, 'IUB-614', 1, 'Cadillac', 'Coupe de Ville', 0, 0, 0, 0, '0000-00-00 00:00:00', '0000-00-00 00:00:00', '0000-00-00 00:00:00'),
(114, 'JJN-090', 1, 'Cadillac', 'Coupe de Ville', 0, 0, 0, 0, '0000-00-00 00:00:00', '0000-00-00 00:00:00', '0000-00-00 00:00:00'),
(115, 'IQS-703', 1, 'Cadillac', 'Coupe de Ville', 0, 0, 0, 0, '0000-00-00 00:00:00', '0000-00-00 00:00:00', '0000-00-00 00:00:00'),
(116, 'OSP-962', 1, 'Cadillac', ' 60 (Sixty Special)', 0, 0, 0, 0, '0000-00-00 00:00:00', '0000-00-00 00:00:00', '0000-00-00 00:00:00'),
(117, 'LCF-055', 1, 'Cadillac', ' 60 (Sixty Special)', 0, 0, 0, 0, '0000-00-00 00:00:00', '0000-00-00 00:00:00', '0000-00-00 00:00:00'),
(118, 'OFI-366', 1, 'Cadillac', ' 60 (Sixty Special)', 0, 0, 0, 0, '0000-00-00 00:00:00', '0000-00-00 00:00:00', '0000-00-00 00:00:00'),
(119, 'GIF-733', 1, 'Cadillac', ' 60 (Sixty Special)', 0, 0, 0, 0, '0000-00-00 00:00:00', '0000-00-00 00:00:00', '0000-00-00 00:00:00'),
(120, 'HPQ-833', 1, 'Cadillac', ' 60 (Sixty Special)', 0, 0, 0, 0, '0000-00-00 00:00:00', '0000-00-00 00:00:00', '0000-00-00 00:00:00'),
(121, 'KLU-754', 1, 'Cadillac', ' 60 (Sixty Special)', 0, 0, 0, 0, '0000-00-00 00:00:00', '0000-00-00 00:00:00', '0000-00-00 00:00:00'),
(122, 'LAS-049', 1, 'Cadillac', ' 60 (Sixty Special)', 0, 0, 0, 0, '0000-00-00 00:00:00', '0000-00-00 00:00:00', '0000-00-00 00:00:00'),
(123, 'LOB-231', 1, 'Cadillac', ' 60 (Sixty Special)', 0, 0, 0, 0, '0000-00-00 00:00:00', '0000-00-00 00:00:00', '0000-00-00 00:00:00'),
(124, 'GLB-514', 1, 'Cadillac', ' 60 (Sixty Special)', 0, 0, 0, 0, '0000-00-00 00:00:00', '0000-00-00 00:00:00', '0000-00-00 00:00:00'),
(125, 'NJN-122', 1, 'Cadillac', ' 60 (Sixty Special)', 0, 0, 0, 0, '0000-00-00 00:00:00', '0000-00-00 00:00:00', '0000-00-00 00:00:00'),
(126, 'LXW-690', 1, 'Cadillac', ' 60 (Sixty Special)', 0, 0, 0, 0, '0000-00-00 00:00:00', '0000-00-00 00:00:00', '0000-00-00 00:00:00'),
(127, 'IIL-245', 1, 'Cadillac', 'Fleetwood Brougham', 0, 0, 0, 0, '0000-00-00 00:00:00', '0000-00-00 00:00:00', '0000-00-00 00:00:00'),
(128, 'HDI-048', 1, 'Cadillac', 'Brougham', 0, 0, 0, 0, '0000-00-00 00:00:00', '0000-00-00 00:00:00', '0000-00-00 00:00:00'),
(129, 'HPR-199', 1, 'Cadillac', 'Fleetwood', 0, 0, 0, 0, '0000-00-00 00:00:00', '0000-00-00 00:00:00', '0000-00-00 00:00:00'),
(130, 'KRL-339', 1, 'Cadillac', 'Fleetwood', 0, 0, 0, 0, '0000-00-00 00:00:00', '0000-00-00 00:00:00', '0000-00-00 00:00:00'),
(131, 'OEK-702', 1, 'Cadillac', '75', 0, 0, 0, 0, '0000-00-00 00:00:00', '0000-00-00 00:00:00', '0000-00-00 00:00:00'),
(132, 'RBI-554', 1, 'Cadillac', '75', 0, 0, 0, 0, '0000-00-00 00:00:00', '0000-00-00 00:00:00', '0000-00-00 00:00:00'),
(133, 'LMB-650', 1, 'Cadillac', '75', 0, 0, 0, 0, '0000-00-00 00:00:00', '0000-00-00 00:00:00', '0000-00-00 00:00:00'),
(134, 'OVO-655', 1, 'Cadillac', '75', 0, 0, 0, 0, '0000-00-00 00:00:00', '0000-00-00 00:00:00', '0000-00-00 00:00:00'),
(135, 'GAO-870', 1, 'Cadillac', '75', 0, 0, 0, 0, '0000-00-00 00:00:00', '0000-00-00 00:00:00', '0000-00-00 00:00:00'),
(136, 'GMY-191', 1, 'Cadillac', '75', 0, 0, 0, 0, '0000-00-00 00:00:00', '0000-00-00 00:00:00', '0000-00-00 00:00:00'),
(137, 'OOM-164', 1, 'Cadillac', '75', 0, 0, 0, 0, '0000-00-00 00:00:00', '0000-00-00 00:00:00', '0000-00-00 00:00:00'),
(138, 'RVW-325', 1, 'Cadillac', '75', 0, 0, 0, 0, '0000-00-00 00:00:00', '0000-00-00 00:00:00', '0000-00-00 00:00:00'),
(139, 'IUX-707', 1, 'Cadillac', '75', 0, 0, 0, 0, '0000-00-00 00:00:00', '0000-00-00 00:00:00', '0000-00-00 00:00:00'),
(140, 'HII-641', 1, 'Cadillac', '75', 0, 0, 0, 0, '0000-00-00 00:00:00', '0000-00-00 00:00:00', '0000-00-00 00:00:00'),
(141, 'LXK-299', 1, 'Cadillac', 'Fleetwood Limousine', 0, 0, 0, 0, '0000-00-00 00:00:00', '0000-00-00 00:00:00', '0000-00-00 00:00:00'),
(142, 'LHF-307', 1, 'Cadillac', 'Fleetwood 75', 0, 0, 0, 0, '0000-00-00 00:00:00', '0000-00-00 00:00:00', '0000-00-00 00:00:00'),
(143, 'GOP-266', 1, 'Cadillac', 'Eldorado', 0, 0, 0, 0, '0000-00-00 00:00:00', '0000-00-00 00:00:00', '0000-00-00 00:00:00'),
(144, 'JTD-846', 1, 'Cadillac', 'Eldorado', 0, 0, 0, 0, '0000-00-00 00:00:00', '0000-00-00 00:00:00', '0000-00-00 00:00:00'),
(145, 'JBF-032', 1, 'Cadillac', 'Eldorado', 0, 0, 0, 0, '0000-00-00 00:00:00', '0000-00-00 00:00:00', '0000-00-00 00:00:00'),
(146, 'JYY-785', 1, 'Cadillac', 'Eldorado', 0, 0, 0, 0, '0000-00-00 00:00:00', '0000-00-00 00:00:00', '0000-00-00 00:00:00'),
(147, 'LYQ-517', 1, 'Cadillac', 'Eldorado', 0, 0, 0, 0, '0000-00-00 00:00:00', '0000-00-00 00:00:00', '0000-00-00 00:00:00'),
(148, 'MKK-935', 1, 'Cadillac', 'Eldorado', 0, 0, 0, 0, '0000-00-00 00:00:00', '0000-00-00 00:00:00', '0000-00-00 00:00:00'),
(149, 'JEY-529', 1, 'Cadillac', 'Eldorado', 0, 0, 0, 0, '0000-00-00 00:00:00', '0000-00-00 00:00:00', '0000-00-00 00:00:00'),
(150, 'RGR-882', 1, 'Cadillac', 'Eldorado', 0, 0, 0, 0, '0000-00-00 00:00:00', '0000-00-00 00:00:00', '0000-00-00 00:00:00'),
(151, 'GLS-270', 1, 'Cadillac', 'Eldorado', 0, 0, 0, 0, '0000-00-00 00:00:00', '0000-00-00 00:00:00', '0000-00-00 00:00:00'),
(152, 'HHW-563', 1, 'Cadillac', 'Eldorado', 0, 0, 0, 0, '0000-00-00 00:00:00', '0000-00-00 00:00:00', '0000-00-00 00:00:00'),
(153, 'LOF-925', 1, 'Cadillac', 'Eldorado', 0, 0, 0, 0, '0000-00-00 00:00:00', '0000-00-00 00:00:00', '0000-00-00 00:00:00'),
(154, 'MEB-473', 1, 'Cadillac', 'XT4', 0, 0, 0, 0, '0000-00-00 00:00:00', '0000-00-00 00:00:00', '0000-00-00 00:00:00'),
(155, 'OJF-049', 1, 'Cadillac', 'SRX', 0, 0, 0, 0, '0000-00-00 00:00:00', '0000-00-00 00:00:00', '0000-00-00 00:00:00'),
(156, 'IVJ-099', 1, 'Cadillac', 'SRX', 0, 0, 0, 0, '0000-00-00 00:00:00', '0000-00-00 00:00:00', '0000-00-00 00:00:00'),
(157, 'KEQ-102', 1, 'Cadillac', 'XT5', 0, 0, 0, 0, '0000-00-00 00:00:00', '0000-00-00 00:00:00', '0000-00-00 00:00:00'),
(158, 'NDP-694', 1, 'Cadillac', 'Escalade', 0, 0, 0, 0, '0000-00-00 00:00:00', '0000-00-00 00:00:00', '0000-00-00 00:00:00'),
(159, 'MQA-100', 1, 'Cadillac', 'Escalade', 0, 0, 0, 0, '0000-00-00 00:00:00', '0000-00-00 00:00:00', '0000-00-00 00:00:00'),
(160, 'KLR-397', 1, 'Cadillac', 'Escalade', 0, 0, 0, 0, '0000-00-00 00:00:00', '0000-00-00 00:00:00', '0000-00-00 00:00:00'),
(161, 'RIC-758', 1, 'Cadillac', 'Escalade', 0, 0, 0, 0, '0000-00-00 00:00:00', '0000-00-00 00:00:00', '0000-00-00 00:00:00'),
(162, 'NUL-955', 1, 'Cadillac', 'Allante', 0, 0, 0, 0, '0000-00-00 00:00:00', '0000-00-00 00:00:00', '0000-00-00 00:00:00'),
(163, 'LKU-912', 1, 'Cadillac', 'XLR', 0, 0, 0, 0, '0000-00-00 00:00:00', '0000-00-00 00:00:00', '0000-00-00 00:00:00'),
(164, 'OEC-089', 1, 'Kia', 'Picanto', 0, 0, 0, 0, '0000-00-00 00:00:00', '0000-00-00 00:00:00', '0000-00-00 00:00:00'),
(165, 'OAG-294', 1, 'Kia', 'Picanto', 0, 0, 0, 0, '0000-00-00 00:00:00', '0000-00-00 00:00:00', '0000-00-00 00:00:00'),
(166, 'LMG-559', 1, 'Kia', 'Picanto', 0, 0, 0, 0, '0000-00-00 00:00:00', '0000-00-00 00:00:00', '0000-00-00 00:00:00'),
(167, 'RWI-888', 1, 'Kia', 'Pride', 0, 0, 0, 0, '0000-00-00 00:00:00', '0000-00-00 00:00:00', '0000-00-00 00:00:00'),
(168, 'MLY-603', 1, 'Kia', 'Pride', 0, 0, 0, 0, '0000-00-00 00:00:00', '0000-00-00 00:00:00', '0000-00-00 00:00:00'),
(169, 'NBQ-247', 1, 'Kia', 'Rio', 0, 0, 0, 0, '0000-00-00 00:00:00', '0000-00-00 00:00:00', '0000-00-00 00:00:00'),
(170, 'NAC-245', 1, 'Kia', 'Rio', 0, 0, 0, 0, '0000-00-00 00:00:00', '0000-00-00 00:00:00', '0000-00-00 00:00:00'),
(171, 'MUB-072', 1, 'Kia', 'Rio', 0, 0, 0, 0, '0000-00-00 00:00:00', '0000-00-00 00:00:00', '0000-00-00 00:00:00'),
(172, 'PCT-383', 1, 'Kia', 'Rio', 0, 0, 0, 0, '0000-00-00 00:00:00', '0000-00-00 00:00:00', '0000-00-00 00:00:00'),
(173, 'IWR-346', 1, 'Kia', 'Soul', 0, 0, 0, 0, '0000-00-00 00:00:00', '0000-00-00 00:00:00', '0000-00-00 00:00:00'),
(174, 'KJW-250', 1, 'Kia', 'Soul', 0, 0, 0, 0, '0000-00-00 00:00:00', '0000-00-00 00:00:00', '0000-00-00 00:00:00'),
(175, 'HKJ-074', 1, 'Kia', 'Avella', 0, 0, 0, 0, '0000-00-00 00:00:00', '0000-00-00 00:00:00', '0000-00-00 00:00:00'),
(176, 'MSC-997', 1, 'Kia', 'Cee\'d', 0, 0, 0, 0, '0000-00-00 00:00:00', '0000-00-00 00:00:00', '0000-00-00 00:00:00'),
(177, 'GEG-407', 1, 'Kia', 'Cee\'d', 0, 0, 0, 0, '0000-00-00 00:00:00', '0000-00-00 00:00:00', '0000-00-00 00:00:00'),
(178, 'MBK-711', 1, 'Kia', 'Cee\'d', 0, 0, 0, 0, '0000-00-00 00:00:00', '0000-00-00 00:00:00', '0000-00-00 00:00:00'),
(179, 'KMO-586', 1, 'Kia', 'Sephia', 0, 0, 0, 0, '0000-00-00 00:00:00', '0000-00-00 00:00:00', '0000-00-00 00:00:00'),
(180, 'KLA-104', 1, 'Kia', 'Sephia', 0, 0, 0, 0, '0000-00-00 00:00:00', '0000-00-00 00:00:00', '0000-00-00 00:00:00'),
(181, 'PRD-625', 1, 'Kia', 'Cerato', 0, 0, 0, 0, '0000-00-00 00:00:00', '0000-00-00 00:00:00', '0000-00-00 00:00:00'),
(182, 'KEM-495', 1, 'Kia', 'Forte', 0, 0, 0, 0, '0000-00-00 00:00:00', '0000-00-00 00:00:00', '0000-00-00 00:00:00'),
(183, 'HWA-136', 1, 'Kia', 'Forte', 0, 0, 0, 0, '0000-00-00 00:00:00', '0000-00-00 00:00:00', '0000-00-00 00:00:00'),
(184, 'PSC-475', 1, 'Kia', 'Forte', 0, 0, 0, 0, '0000-00-00 00:00:00', '0000-00-00 00:00:00', '0000-00-00 00:00:00'),
(185, 'IYI-013', 1, 'Kia', 'Shuma', 0, 0, 0, 0, '0000-00-00 00:00:00', '0000-00-00 00:00:00', '0000-00-00 00:00:00'),
(186, 'IAL-783', 1, 'Kia', 'Concord', 0, 0, 0, 0, '0000-00-00 00:00:00', '0000-00-00 00:00:00', '0000-00-00 00:00:00'),
(187, 'NXS-962', 1, 'Kia', 'Clarus', 0, 0, 0, 0, '0000-00-00 00:00:00', '0000-00-00 00:00:00', '0000-00-00 00:00:00'),
(188, 'RMV-548', 1, 'Kia', 'Optima', 0, 0, 0, 0, '0000-00-00 00:00:00', '0000-00-00 00:00:00', '0000-00-00 00:00:00'),
(189, 'PSP-010', 1, 'Kia', 'Magentis', 0, 0, 0, 0, '0000-00-00 00:00:00', '0000-00-00 00:00:00', '0000-00-00 00:00:00'),
(190, 'PPA-003', 1, 'Kia', 'K5', 0, 0, 0, 0, '0000-00-00 00:00:00', '0000-00-00 00:00:00', '0000-00-00 00:00:00'),
(191, 'OFP-181', 1, 'Kia', 'Magentis', 0, 0, 0, 0, '0000-00-00 00:00:00', '0000-00-00 00:00:00', '0000-00-00 00:00:00'),
(192, 'HUL-186', 1, 'Kia', 'Stinger', 0, 0, 0, 0, '0000-00-00 00:00:00', '0000-00-00 00:00:00', '0000-00-00 00:00:00'),
(193, 'IDO-537', 1, 'Kia', 'Potentia', 0, 0, 0, 0, '0000-00-00 00:00:00', '0000-00-00 00:00:00', '0000-00-00 00:00:00'),
(194, 'LAS-926', 1, 'Kia', 'Potentia', 0, 0, 0, 0, '0000-00-00 00:00:00', '0000-00-00 00:00:00', '0000-00-00 00:00:00'),
(195, 'RSL-601', 1, 'Kia', 'Enterprise', 0, 0, 0, 0, '0000-00-00 00:00:00', '0000-00-00 00:00:00', '0000-00-00 00:00:00'),
(196, 'KAB-637', 1, 'Kia', 'Opirus / Amanti', 0, 0, 0, 0, '0000-00-00 00:00:00', '0000-00-00 00:00:00', '0000-00-00 00:00:00'),
(197, 'OFG-005', 1, 'Kia', 'K7', 0, 0, 0, 0, '0000-00-00 00:00:00', '0000-00-00 00:00:00', '0000-00-00 00:00:00'),
(198, 'MEQ-027', 1, 'Kia', 'Cadenza', 0, 0, 0, 0, '0000-00-00 00:00:00', '0000-00-00 00:00:00', '0000-00-00 00:00:00'),
(199, 'NWU-873', 1, 'Kia', 'Quoris', 0, 0, 0, 0, '0000-00-00 00:00:00', '0000-00-00 00:00:00', '0000-00-00 00:00:00'),
(200, 'PSU-873', 1, 'Kia', 'K900', 0, 0, 0, 0, '0000-00-00 00:00:00', '0000-00-00 00:00:00', '0000-00-00 00:00:00'),
(201, 'MBA-059', 1, 'Kia', 'Elan', 0, 0, 0, 0, '0000-00-00 00:00:00', '0000-00-00 00:00:00', '0000-00-00 00:00:00'),
(202, 'LVT-419', 1, 'Kia', 'Venga', 0, 0, 0, 0, '0000-00-00 00:00:00', '0000-00-00 00:00:00', '0000-00-00 00:00:00'),
(203, 'MDJ-835', 1, 'Kia', 'Carens', 0, 0, 0, 0, '0000-00-00 00:00:00', '0000-00-00 00:00:00', '0000-00-00 00:00:00'),
(204, 'RUT-774', 1, 'Kia', 'Carens', 0, 0, 0, 0, '0000-00-00 00:00:00', '0000-00-00 00:00:00', '0000-00-00 00:00:00'),
(205, 'GWY-070', 1, 'Kia', 'Joice', 0, 0, 0, 0, '0000-00-00 00:00:00', '0000-00-00 00:00:00', '0000-00-00 00:00:00'),
(206, 'KGY-966', 1, 'Kia', 'Sedona', 0, 0, 0, 0, '0000-00-00 00:00:00', '0000-00-00 00:00:00', '0000-00-00 00:00:00'),
(207, 'JLJ-213', 1, 'Kia', 'Carnival', 0, 0, 0, 0, '0000-00-00 00:00:00', '0000-00-00 00:00:00', '0000-00-00 00:00:00'),
(208, 'MGY-874', 1, 'Kia', 'Carnival', 0, 0, 0, 0, '0000-00-00 00:00:00', '0000-00-00 00:00:00', '0000-00-00 00:00:00'),
(209, 'OXR-645', 1, 'Kia', 'Retona', 0, 0, 0, 0, '0000-00-00 00:00:00', '0000-00-00 00:00:00', '0000-00-00 00:00:00'),
(210, 'GGI-399', 1, 'Kia', 'Stonic', 0, 0, 0, 0, '0000-00-00 00:00:00', '0000-00-00 00:00:00', '0000-00-00 00:00:00'),
(211, 'HMT-074', 1, 'Kia', 'Niro', 0, 0, 0, 0, '0000-00-00 00:00:00', '0000-00-00 00:00:00', '0000-00-00 00:00:00'),
(212, 'IBL-607', 1, 'Kia', 'Sportage', 0, 0, 0, 0, '0000-00-00 00:00:00', '0000-00-00 00:00:00', '0000-00-00 00:00:00'),
(213, 'NDS-678', 1, 'Kia', 'Sportage', 0, 0, 0, 0, '0000-00-00 00:00:00', '0000-00-00 00:00:00', '0000-00-00 00:00:00'),
(214, 'NDU-498', 1, 'Kia', 'Sportage', 0, 0, 0, 0, '0000-00-00 00:00:00', '0000-00-00 00:00:00', '0000-00-00 00:00:00'),
(215, 'HDC-664', 1, 'Kia', 'Sorento', 0, 0, 0, 0, '0000-00-00 00:00:00', '0000-00-00 00:00:00', '0000-00-00 00:00:00'),
(216, 'NGK-278', 1, 'Kia', 'Sorento', 0, 0, 0, 0, '0000-00-00 00:00:00', '0000-00-00 00:00:00', '0000-00-00 00:00:00'),
(217, 'MGP-705', 1, 'Kia', 'Sorento', 0, 0, 0, 0, '0000-00-00 00:00:00', '0000-00-00 00:00:00', '0000-00-00 00:00:00'),
(218, 'RGU-710', 1, 'Kia', 'Mohave / Borrego', 0, 0, 0, 0, '0000-00-00 00:00:00', '0000-00-00 00:00:00', '0000-00-00 00:00:00'),
(219, 'HJR-540', 1, 'Kia', 'Bongo', 0, 0, 0, 0, '0000-00-00 00:00:00', '0000-00-00 00:00:00', '0000-00-00 00:00:00'),
(220, 'HCU-204', 1, 'Kia', 'Bongo Frontier', 0, 0, 0, 0, '0000-00-00 00:00:00', '0000-00-00 00:00:00', '0000-00-00 00:00:00'),
(221, 'OLO-593', 1, 'Kia', 'Bongo', 0, 0, 0, 0, '0000-00-00 00:00:00', '0000-00-00 00:00:00', '0000-00-00 00:00:00'),
(222, 'KRI-748', 1, 'Volkswagen', 'Fusca', 0, 0, 0, 0, '0000-00-00 00:00:00', '0000-00-00 00:00:00', '0000-00-00 00:00:00'),
(223, 'NJE-127', 1, 'Volkswagen', 'Gol', 0, 0, 0, 0, '0000-00-00 00:00:00', '0000-00-00 00:00:00', '0000-00-00 00:00:00'),
(224, 'NHI-741', 1, 'Volkswagen', 'Gol', 0, 0, 0, 0, '0000-00-00 00:00:00', '0000-00-00 00:00:00', '0000-00-00 00:00:00'),
(225, 'IGY-818', 1, 'Volkswagen', 'Gol', 0, 0, 0, 0, '0000-00-00 00:00:00', '0000-00-00 00:00:00', '0000-00-00 00:00:00'),
(226, 'NPD-024', 1, 'Volkswagen', 'Voyage', 0, 0, 0, 0, '0000-00-00 00:00:00', '0000-00-00 00:00:00', '0000-00-00 00:00:00'),
(227, 'JLN-105', 1, 'Volkswagen', 'Voyage', 0, 0, 0, 0, '0000-00-00 00:00:00', '0000-00-00 00:00:00', '0000-00-00 00:00:00'),
(228, 'PRK-143', 1, 'Volkswagen', 'Parati', 0, 0, 0, 0, '0000-00-00 00:00:00', '0000-00-00 00:00:00', '0000-00-00 00:00:00'),
(229, 'OOY-869', 1, 'Volkswagen', 'Parati', 0, 0, 0, 0, '0000-00-00 00:00:00', '0000-00-00 00:00:00', '0000-00-00 00:00:00'),
(230, 'MUR-992', 1, 'Volkswagen', 'Fox', 0, 0, 0, 0, '0000-00-00 00:00:00', '0000-00-00 00:00:00', '0000-00-00 00:00:00'),
(231, 'IOO-264', 1, 'Volkswagen', 'Brasilia', 0, 0, 0, 0, '0000-00-00 00:00:00', '0000-00-00 00:00:00', '0000-00-00 00:00:00'),
(232, 'LFI-472', 1, 'Volkswagen', 'Apollo', 0, 0, 0, 0, '0000-00-00 00:00:00', '0000-00-00 00:00:00', '0000-00-00 00:00:00'),
(233, 'GRO-531', 1, 'Volkswagen', 'Logus', 0, 0, 0, 0, '0000-00-00 00:00:00', '0000-00-00 00:00:00', '0000-00-00 00:00:00'),
(234, 'MYG-743', 1, 'Volkswagen', 'Pointer', 0, 0, 0, 0, '0000-00-00 00:00:00', '0000-00-00 00:00:00', '0000-00-00 00:00:00'),
(235, 'IEG-723', 1, 'Volkswagen', 'Santana', 0, 0, 0, 0, '0000-00-00 00:00:00', '0000-00-00 00:00:00', '0000-00-00 00:00:00'),
(236, 'GHY-007', 1, 'Volkswagen', 'Quantum', 0, 0, 0, 0, '0000-00-00 00:00:00', '0000-00-00 00:00:00', '0000-00-00 00:00:00'),
(237, 'KPV-078', 1, 'Volkswagen', 'SpaceFox', 0, 0, 0, 0, '0000-00-00 00:00:00', '0000-00-00 00:00:00', '0000-00-00 00:00:00'),
(238, 'MHQ-403', 1, 'Volkswagen', 'SP2', 0, 0, 0, 0, '0000-00-00 00:00:00', '0000-00-00 00:00:00', '0000-00-00 00:00:00'),
(239, 'HMP-666', 1, 'Volkswagen', 'Saveiro', 0, 0, 0, 0, '0000-00-00 00:00:00', '0000-00-00 00:00:00', '0000-00-00 00:00:00'),
(240, 'GGI-864', 1, 'Volkswagen', 'Saveiro', 0, 0, 0, 0, '0000-00-00 00:00:00', '0000-00-00 00:00:00', '0000-00-00 00:00:00'),
(241, 'OQV-634', 1, 'Ford', 'F-150', 0, 0, 0, 0, '0000-00-00 00:00:00', '0000-00-00 00:00:00', '0000-00-00 00:00:00'),
(242, 'PJF-209', 1, 'Ford', 'F-150', 0, 0, 0, 0, '0000-00-00 00:00:00', '0000-00-00 00:00:00', '0000-00-00 00:00:00'),
(243, 'NGT-965', 1, 'Ford', 'F-150', 0, 0, 0, 0, '0000-00-00 00:00:00', '0000-00-00 00:00:00', '0000-00-00 00:00:00'),
(244, 'RHO-787', 1, 'Ford', 'F-150', 0, 0, 0, 0, '0000-00-00 00:00:00', '0000-00-00 00:00:00', '0000-00-00 00:00:00'),
(245, 'JXG-248', 1, 'Ford', 'F-150', 0, 0, 0, 0, '0000-00-00 00:00:00', '0000-00-00 00:00:00', '0000-00-00 00:00:00'),
(246, 'JAC-316', 1, 'Ford', 'F-150', 0, 0, 0, 0, '0000-00-00 00:00:00', '0000-00-00 00:00:00', '0000-00-00 00:00:00'),
(247, 'NGV-373', 1, 'Ford', 'F-150', 0, 0, 0, 0, '0000-00-00 00:00:00', '0000-00-00 00:00:00', '0000-00-00 00:00:00'),
(248, 'RQF-302', 1, 'Ford', 'F-150', 0, 0, 0, 0, '0000-00-00 00:00:00', '0000-00-00 00:00:00', '0000-00-00 00:00:00'),
(249, 'IQW-404', 1, 'Ford', 'F-150', 0, 0, 0, 0, '0000-00-00 00:00:00', '0000-00-00 00:00:00', '0000-00-00 00:00:00'),
(250, 'RFD-669', 1, 'Ford', 'F-150', 0, 0, 0, 0, '0000-00-00 00:00:00', '0000-00-00 00:00:00', '0000-00-00 00:00:00'),
(251, 'RDA-142', 1, 'Ford', 'F-150', 0, 0, 0, 0, '0000-00-00 00:00:00', '0000-00-00 00:00:00', '0000-00-00 00:00:00'),
(252, 'IPP-709', 1, 'Ford', 'F-150', 0, 0, 0, 0, '0000-00-00 00:00:00', '0000-00-00 00:00:00', '0000-00-00 00:00:00'),
(253, 'MIH-043', 1, 'Ford', 'F-150', 0, 0, 0, 0, '0000-00-00 00:00:00', '0000-00-00 00:00:00', '0000-00-00 00:00:00'),
(254, 'MCN-543', 1, 'Ford', 'F-150', 0, 0, 0, 0, '0000-00-00 00:00:00', '0000-00-00 00:00:00', '0000-00-00 00:00:00'),
(255, 'OUX-236', 1, 'Ford', 'F-150', 0, 0, 0, 0, '0000-00-00 00:00:00', '0000-00-00 00:00:00', '0000-00-00 00:00:00'),
(256, 'JHT-614', 1, 'Ford', 'F-150', 0, 0, 0, 0, '0000-00-00 00:00:00', '0000-00-00 00:00:00', '0000-00-00 00:00:00'),
(257, 'GSF-320', 1, 'Ford', 'F-150', 0, 0, 0, 0, '0000-00-00 00:00:00', '0000-00-00 00:00:00', '0000-00-00 00:00:00'),
(258, 'KSG-550', 1, 'Ford', 'F-150', 0, 0, 0, 0, '0000-00-00 00:00:00', '0000-00-00 00:00:00', '0000-00-00 00:00:00'),
(259, 'JQE-532', 1, 'Ford', 'F-150', 0, 0, 0, 0, '0000-00-00 00:00:00', '0000-00-00 00:00:00', '0000-00-00 00:00:00'),
(260, 'IEF-947', 1, 'Ford', 'F-150', 0, 0, 0, 0, '0000-00-00 00:00:00', '0000-00-00 00:00:00', '0000-00-00 00:00:00'),
(261, 'POD-644', 1, 'Ford', 'F-150', 0, 0, 0, 0, '0000-00-00 00:00:00', '0000-00-00 00:00:00', '0000-00-00 00:00:00'),
(262, 'LNG-223', 1, 'Ford', 'F-150', 0, 0, 0, 0, '0000-00-00 00:00:00', '0000-00-00 00:00:00', '0000-00-00 00:00:00'),
(263, 'PUW-632', 1, 'Ford', 'F-150', 0, 0, 0, 0, '0000-00-00 00:00:00', '0000-00-00 00:00:00', '0000-00-00 00:00:00'),
(264, 'JBO-694', 1, 'Ford', 'F-150', 0, 0, 0, 0, '0000-00-00 00:00:00', '0000-00-00 00:00:00', '0000-00-00 00:00:00'),
(265, 'MXE-757', 1, 'Ford', 'F-150', 0, 0, 0, 0, '0000-00-00 00:00:00', '0000-00-00 00:00:00', '0000-00-00 00:00:00'),
(266, 'ODJ-502', 1, 'Ford', 'F-150', 0, 0, 0, 0, '0000-00-00 00:00:00', '0000-00-00 00:00:00', '0000-00-00 00:00:00'),
(267, 'GHU-212', 1, 'Ford', 'F-150', 0, 0, 0, 0, '0000-00-00 00:00:00', '0000-00-00 00:00:00', '0000-00-00 00:00:00'),
(268, 'JOU-772', 1, 'Ford', 'F-150', 0, 0, 0, 0, '0000-00-00 00:00:00', '0000-00-00 00:00:00', '0000-00-00 00:00:00'),
(269, 'PKB-872', 1, 'Ford', 'F-150', 0, 0, 0, 0, '0000-00-00 00:00:00', '0000-00-00 00:00:00', '0000-00-00 00:00:00'),
(270, 'IYM-692', 1, 'Ford', 'F-150', 0, 0, 0, 0, '0000-00-00 00:00:00', '0000-00-00 00:00:00', '0000-00-00 00:00:00'),
(271, 'RMM-025', 1, 'Ford', 'F-150', 0, 0, 0, 0, '0000-00-00 00:00:00', '0000-00-00 00:00:00', '0000-00-00 00:00:00'),
(272, 'NCP-785', 1, 'Ford', 'F-150', 0, 0, 0, 0, '0000-00-00 00:00:00', '0000-00-00 00:00:00', '0000-00-00 00:00:00'),
(273, 'KQK-150', 1, 'Ford', 'F-150', 0, 0, 0, 0, '0000-00-00 00:00:00', '0000-00-00 00:00:00', '0000-00-00 00:00:00'),
(274, 'HOC-740', 1, 'Ford', 'F-150', 0, 0, 0, 0, '0000-00-00 00:00:00', '0000-00-00 00:00:00', '0000-00-00 00:00:00'),
(275, 'KNU-970', 1, 'Ford', 'F-150', 0, 0, 0, 0, '0000-00-00 00:00:00', '0000-00-00 00:00:00', '0000-00-00 00:00:00'),
(276, 'NUE-592', 1, 'Ford', 'F-150', 0, 0, 0, 0, '0000-00-00 00:00:00', '0000-00-00 00:00:00', '0000-00-00 00:00:00'),
(277, 'OWJ-018', 1, 'Ford', 'F-150', 0, 0, 0, 0, '0000-00-00 00:00:00', '0000-00-00 00:00:00', '0000-00-00 00:00:00'),
(278, 'PMN-907', 1, 'Ford', 'F-150', 0, 0, 0, 0, '0000-00-00 00:00:00', '0000-00-00 00:00:00', '0000-00-00 00:00:00'),
(279, 'RHW-869', 1, 'Ford', 'F-150', 0, 0, 0, 0, '0000-00-00 00:00:00', '0000-00-00 00:00:00', '0000-00-00 00:00:00'),
(280, 'JXG-912', 1, '', '', 0, 0, 0, 0, '0000-00-00 00:00:00', '0000-00-00 00:00:00', '0000-00-00 00:00:00'),
(281, 'PLE-121', 1, '', '', 0, 0, 0, 0, '0000-00-00 00:00:00', '0000-00-00 00:00:00', '0000-00-00 00:00:00'),
(282, 'KQM-162', 1, '', '', 0, 0, 0, 0, '0000-00-00 00:00:00', '0000-00-00 00:00:00', '0000-00-00 00:00:00'),
(283, 'LJL-831', 1, '', '', 0, 0, 0, 0, '0000-00-00 00:00:00', '0000-00-00 00:00:00', '0000-00-00 00:00:00'),
(284, 'RDL-413', 1, '', '', 0, 0, 0, 0, '0000-00-00 00:00:00', '0000-00-00 00:00:00', '0000-00-00 00:00:00'),
(285, 'OIY-903', 1, '', '', 0, 0, 0, 0, '0000-00-00 00:00:00', '0000-00-00 00:00:00', '0000-00-00 00:00:00'),
(286, 'RBO-891', 1, '', '', 0, 0, 0, 0, '0000-00-00 00:00:00', '0000-00-00 00:00:00', '0000-00-00 00:00:00'),
(287, 'OYE-374', 1, '', '', 0, 0, 0, 0, '0000-00-00 00:00:00', '0000-00-00 00:00:00', '0000-00-00 00:00:00'),
(288, 'MLF-989', 1, '', '', 0, 0, 0, 0, '0000-00-00 00:00:00', '0000-00-00 00:00:00', '0000-00-00 00:00:00'),
(289, 'LSB-101', 1, '', '', 0, 0, 0, 0, '0000-00-00 00:00:00', '0000-00-00 00:00:00', '0000-00-00 00:00:00'),
(290, 'JHS-749', 1, '', '', 0, 0, 0, 0, '0000-00-00 00:00:00', '0000-00-00 00:00:00', '0000-00-00 00:00:00'),
(291, 'KNG-671', 1, '', '', 0, 0, 0, 0, '0000-00-00 00:00:00', '0000-00-00 00:00:00', '0000-00-00 00:00:00'),
(292, 'IXN-204', 1, '', '', 0, 0, 0, 0, '0000-00-00 00:00:00', '0000-00-00 00:00:00', '0000-00-00 00:00:00'),
(293, 'RLB-667', 1, '', '', 0, 0, 0, 0, '0000-00-00 00:00:00', '0000-00-00 00:00:00', '0000-00-00 00:00:00'),
(294, 'KTM-724', 1, '', '', 0, 0, 0, 0, '0000-00-00 00:00:00', '0000-00-00 00:00:00', '0000-00-00 00:00:00'),
(295, 'RFM-596', 1, '', '', 0, 0, 0, 0, '0000-00-00 00:00:00', '0000-00-00 00:00:00', '0000-00-00 00:00:00'),
(296, 'RQY-074', 1, '', '', 0, 0, 0, 0, '0000-00-00 00:00:00', '0000-00-00 00:00:00', '0000-00-00 00:00:00'),
(297, 'MYD-897', 1, '', '', 0, 0, 0, 0, '0000-00-00 00:00:00', '0000-00-00 00:00:00', '0000-00-00 00:00:00'),
(298, 'IUT-767', 1, '', '', 0, 0, 0, 0, '0000-00-00 00:00:00', '0000-00-00 00:00:00', '0000-00-00 00:00:00'),
(299, 'GKT-431', 1, '', '', 0, 0, 0, 0, '0000-00-00 00:00:00', '0000-00-00 00:00:00', '0000-00-00 00:00:00'),
(300, 'RWW-678', 1, '', '', 0, 0, 0, 0, '0000-00-00 00:00:00', '0000-00-00 00:00:00', '0000-00-00 00:00:00'),
(301, 'NXV-766', 1, '', '', 0, 0, 0, 0, '0000-00-00 00:00:00', '0000-00-00 00:00:00', '0000-00-00 00:00:00'),
(302, 'OMO-558', 1, '', '', 0, 0, 0, 0, '0000-00-00 00:00:00', '0000-00-00 00:00:00', '0000-00-00 00:00:00'),
(303, 'IVE-401', 1, '', '', 0, 0, 0, 0, '0000-00-00 00:00:00', '0000-00-00 00:00:00', '0000-00-00 00:00:00'),
(304, 'PHD-290', 1, '', '', 0, 0, 0, 0, '0000-00-00 00:00:00', '0000-00-00 00:00:00', '0000-00-00 00:00:00'),
(305, 'GOJ-758', 1, '', '', 0, 0, 0, 0, '0000-00-00 00:00:00', '0000-00-00 00:00:00', '0000-00-00 00:00:00'),
(306, 'KDL-234', 1, '', '', 0, 0, 0, 0, '0000-00-00 00:00:00', '0000-00-00 00:00:00', '0000-00-00 00:00:00'),
(307, 'MTR-432', 1, '', '', 0, 0, 0, 0, '0000-00-00 00:00:00', '0000-00-00 00:00:00', '0000-00-00 00:00:00'),
(308, 'RAF-979', 1, '', '', 0, 0, 0, 0, '0000-00-00 00:00:00', '0000-00-00 00:00:00', '0000-00-00 00:00:00'),
(309, 'NPS-703', 1, '', '', 0, 0, 0, 0, '0000-00-00 00:00:00', '0000-00-00 00:00:00', '0000-00-00 00:00:00'),
(310, 'JVB-178', 1, '', '', 0, 0, 0, 0, '0000-00-00 00:00:00', '0000-00-00 00:00:00', '0000-00-00 00:00:00'),
(311, 'PRB-755', 1, '', '', 0, 0, 0, 0, '0000-00-00 00:00:00', '0000-00-00 00:00:00', '0000-00-00 00:00:00'),
(312, 'NKW-909', 1, '', '', 0, 0, 0, 0, '0000-00-00 00:00:00', '0000-00-00 00:00:00', '0000-00-00 00:00:00'),
(313, 'JJF-391', 1, '', '', 0, 0, 0, 0, '0000-00-00 00:00:00', '0000-00-00 00:00:00', '0000-00-00 00:00:00'),
(314, 'JSJ-184', 1, '', '', 0, 0, 0, 0, '0000-00-00 00:00:00', '0000-00-00 00:00:00', '0000-00-00 00:00:00'),
(315, 'NMD-284', 1, '', '', 0, 0, 0, 0, '0000-00-00 00:00:00', '0000-00-00 00:00:00', '0000-00-00 00:00:00'),
(316, 'GWT-776', 1, '', '', 0, 0, 0, 0, '0000-00-00 00:00:00', '0000-00-00 00:00:00', '0000-00-00 00:00:00'),
(317, 'OVT-977', 1, '', '', 0, 0, 0, 0, '0000-00-00 00:00:00', '0000-00-00 00:00:00', '0000-00-00 00:00:00'),
(318, 'LEK-590', 1, '', '', 0, 0, 0, 0, '0000-00-00 00:00:00', '0000-00-00 00:00:00', '0000-00-00 00:00:00'),
(319, 'GNW-875', 1, '', '', 0, 0, 0, 0, '0000-00-00 00:00:00', '0000-00-00 00:00:00', '0000-00-00 00:00:00'),
(320, 'IRA-092', 1, '', '', 0, 0, 0, 0, '0000-00-00 00:00:00', '0000-00-00 00:00:00', '0000-00-00 00:00:00'),
(321, 'RAS-466', 1, '', '', 0, 0, 0, 0, '0000-00-00 00:00:00', '0000-00-00 00:00:00', '0000-00-00 00:00:00'),
(322, 'OPF-213', 1, '', '', 0, 0, 0, 0, '0000-00-00 00:00:00', '0000-00-00 00:00:00', '0000-00-00 00:00:00'),
(323, 'PSS-894', 1, '', '', 0, 0, 0, 0, '0000-00-00 00:00:00', '0000-00-00 00:00:00', '0000-00-00 00:00:00'),
(324, 'RBT-278', 1, '', '', 0, 0, 0, 0, '0000-00-00 00:00:00', '0000-00-00 00:00:00', '0000-00-00 00:00:00'),
(325, 'JIE-759', 1, '', '', 0, 0, 0, 0, '0000-00-00 00:00:00', '0000-00-00 00:00:00', '0000-00-00 00:00:00'),
(326, 'KWX-150', 1, '', '', 0, 0, 0, 0, '0000-00-00 00:00:00', '0000-00-00 00:00:00', '0000-00-00 00:00:00'),
(327, 'KGG-719', 1, '', '', 0, 0, 0, 0, '0000-00-00 00:00:00', '0000-00-00 00:00:00', '0000-00-00 00:00:00'),
(328, 'IQR-781', 1, '', '', 0, 0, 0, 0, '0000-00-00 00:00:00', '0000-00-00 00:00:00', '0000-00-00 00:00:00'),
(329, 'PSW-086', 1, '', '', 0, 0, 0, 0, '0000-00-00 00:00:00', '0000-00-00 00:00:00', '0000-00-00 00:00:00'),
(330, 'JLA-810', 1, '', '', 0, 0, 0, 0, '0000-00-00 00:00:00', '0000-00-00 00:00:00', '0000-00-00 00:00:00'),
(331, 'PEB-072', 1, '', '', 0, 0, 0, 0, '0000-00-00 00:00:00', '0000-00-00 00:00:00', '0000-00-00 00:00:00'),
(332, 'GKB-646', 1, '', '', 0, 0, 0, 0, '0000-00-00 00:00:00', '0000-00-00 00:00:00', '0000-00-00 00:00:00'),
(333, 'KMX-781', 1, '', '', 0, 0, 0, 0, '0000-00-00 00:00:00', '0000-00-00 00:00:00', '0000-00-00 00:00:00'),
(334, 'NAQ-723', 1, '', '', 0, 0, 0, 0, '0000-00-00 00:00:00', '0000-00-00 00:00:00', '0000-00-00 00:00:00'),
(335, 'LVI-333', 1, '', '', 0, 0, 0, 0, '0000-00-00 00:00:00', '0000-00-00 00:00:00', '0000-00-00 00:00:00'),
(336, 'KOM-275', 1, '', '', 0, 0, 0, 0, '0000-00-00 00:00:00', '0000-00-00 00:00:00', '0000-00-00 00:00:00'),
(337, 'JVJ-730', 1, '', '', 0, 0, 0, 0, '0000-00-00 00:00:00', '0000-00-00 00:00:00', '0000-00-00 00:00:00'),
(338, 'NHL-979', 1, '', '', 0, 0, 0, 0, '0000-00-00 00:00:00', '0000-00-00 00:00:00', '0000-00-00 00:00:00'),
(339, 'JRD-229', 1, '', '', 0, 0, 0, 0, '0000-00-00 00:00:00', '0000-00-00 00:00:00', '0000-00-00 00:00:00'),
(340, 'IQX-325', 1, '', '', 0, 0, 0, 0, '0000-00-00 00:00:00', '0000-00-00 00:00:00', '0000-00-00 00:00:00'),
(341, 'IAG-959', 1, '', '', 0, 0, 0, 0, '0000-00-00 00:00:00', '0000-00-00 00:00:00', '0000-00-00 00:00:00'),
(342, 'PWN-382', 1, '', '', 0, 0, 0, 0, '0000-00-00 00:00:00', '0000-00-00 00:00:00', '0000-00-00 00:00:00'),
(343, 'JNC-534', 1, '', '', 0, 0, 0, 0, '0000-00-00 00:00:00', '0000-00-00 00:00:00', '0000-00-00 00:00:00'),
(344, 'LMA-938', 1, '', '', 0, 0, 0, 0, '0000-00-00 00:00:00', '0000-00-00 00:00:00', '0000-00-00 00:00:00'),
(345, 'PCF-174', 1, '', '', 0, 0, 0, 0, '0000-00-00 00:00:00', '0000-00-00 00:00:00', '0000-00-00 00:00:00'),
(346, 'RTQ-632', 1, '', '', 0, 0, 0, 0, '0000-00-00 00:00:00', '0000-00-00 00:00:00', '0000-00-00 00:00:00'),
(347, 'HKD-686', 1, '', '', 0, 0, 0, 0, '0000-00-00 00:00:00', '0000-00-00 00:00:00', '0000-00-00 00:00:00'),
(348, 'OCJ-783', 1, '', '', 0, 0, 0, 0, '0000-00-00 00:00:00', '0000-00-00 00:00:00', '0000-00-00 00:00:00'),
(349, 'GCN-236', 1, '', '', 0, 0, 0, 0, '0000-00-00 00:00:00', '0000-00-00 00:00:00', '0000-00-00 00:00:00'),
(350, 'RGJ-138', 1, '', '', 0, 0, 0, 0, '0000-00-00 00:00:00', '0000-00-00 00:00:00', '0000-00-00 00:00:00'),
(351, 'NWK-454', 1, '', '', 0, 0, 0, 0, '0000-00-00 00:00:00', '0000-00-00 00:00:00', '0000-00-00 00:00:00'),
(352, 'IBW-589', 1, '', '', 0, 0, 0, 0, '0000-00-00 00:00:00', '0000-00-00 00:00:00', '0000-00-00 00:00:00'),
(353, 'HIM-874', 1, '', '', 0, 0, 0, 0, '0000-00-00 00:00:00', '0000-00-00 00:00:00', '0000-00-00 00:00:00'),
(354, 'ORS-280', 1, '', '', 0, 0, 0, 0, '0000-00-00 00:00:00', '0000-00-00 00:00:00', '0000-00-00 00:00:00'),
(355, 'GWR-067', 1, '', '', 0, 0, 0, 0, '0000-00-00 00:00:00', '0000-00-00 00:00:00', '0000-00-00 00:00:00'),
(356, 'NDP-159', 1, '', '', 0, 0, 0, 0, '0000-00-00 00:00:00', '0000-00-00 00:00:00', '0000-00-00 00:00:00'),
(357, 'GUU-135', 1, '', '', 0, 0, 0, 0, '0000-00-00 00:00:00', '0000-00-00 00:00:00', '0000-00-00 00:00:00'),
(358, 'GIQ-207', 1, '', '', 0, 0, 0, 0, '0000-00-00 00:00:00', '0000-00-00 00:00:00', '0000-00-00 00:00:00'),
(359, 'MCU-420', 1, '', '', 0, 0, 0, 0, '0000-00-00 00:00:00', '0000-00-00 00:00:00', '0000-00-00 00:00:00'),
(360, 'JSQ-037', 1, '', '', 0, 0, 0, 0, '0000-00-00 00:00:00', '0000-00-00 00:00:00', '0000-00-00 00:00:00'),
(361, 'MEQ-336', 1, '', '', 0, 0, 0, 0, '0000-00-00 00:00:00', '0000-00-00 00:00:00', '0000-00-00 00:00:00'),
(362, 'HFQ-506', 1, '', '', 0, 0, 0, 0, '0000-00-00 00:00:00', '0000-00-00 00:00:00', '0000-00-00 00:00:00'),
(363, 'POI-294', 1, '', '', 0, 0, 0, 0, '0000-00-00 00:00:00', '0000-00-00 00:00:00', '0000-00-00 00:00:00'),
(364, 'RHO-319', 1, '', '', 0, 0, 0, 0, '0000-00-00 00:00:00', '0000-00-00 00:00:00', '0000-00-00 00:00:00'),
(365, 'OGX-558', 1, '', '', 0, 0, 0, 0, '0000-00-00 00:00:00', '0000-00-00 00:00:00', '0000-00-00 00:00:00'),
(366, 'GHG-314', 1, '', '', 0, 0, 0, 0, '0000-00-00 00:00:00', '0000-00-00 00:00:00', '0000-00-00 00:00:00'),
(367, 'NEX-686', 1, '', '', 0, 0, 0, 0, '0000-00-00 00:00:00', '0000-00-00 00:00:00', '0000-00-00 00:00:00'),
(368, 'PQN-285', 1, '', '', 0, 0, 0, 0, '0000-00-00 00:00:00', '0000-00-00 00:00:00', '0000-00-00 00:00:00'),
(369, 'IEM-941', 1, '', '', 0, 0, 0, 0, '0000-00-00 00:00:00', '0000-00-00 00:00:00', '0000-00-00 00:00:00'),
(370, 'LKD-721', 1, '', '', 0, 0, 0, 0, '0000-00-00 00:00:00', '0000-00-00 00:00:00', '0000-00-00 00:00:00'),
(371, 'GPU-686', 1, '', '', 0, 0, 0, 0, '0000-00-00 00:00:00', '0000-00-00 00:00:00', '0000-00-00 00:00:00'),
(372, 'GCY-830', 1, '', '', 0, 0, 0, 0, '0000-00-00 00:00:00', '0000-00-00 00:00:00', '0000-00-00 00:00:00'),
(373, 'KKE-287', 1, '', '', 0, 0, 0, 0, '0000-00-00 00:00:00', '0000-00-00 00:00:00', '0000-00-00 00:00:00'),
(374, 'NVY-530', 1, '', '', 0, 0, 0, 0, '0000-00-00 00:00:00', '0000-00-00 00:00:00', '0000-00-00 00:00:00'),
(375, 'LCK-516', 1, '', '', 0, 0, 0, 0, '0000-00-00 00:00:00', '0000-00-00 00:00:00', '0000-00-00 00:00:00'),
(376, 'RQM-894', 1, '', '', 0, 0, 0, 0, '0000-00-00 00:00:00', '0000-00-00 00:00:00', '0000-00-00 00:00:00'),
(377, 'HNO-764', 1, '', '', 0, 0, 0, 0, '0000-00-00 00:00:00', '0000-00-00 00:00:00', '0000-00-00 00:00:00'),
(378, 'OKW-710', 1, '', '', 0, 0, 0, 0, '0000-00-00 00:00:00', '0000-00-00 00:00:00', '0000-00-00 00:00:00'),
(379, 'KYH-645', 1, '', '', 0, 0, 0, 0, '0000-00-00 00:00:00', '0000-00-00 00:00:00', '0000-00-00 00:00:00'),
(380, 'NUM-340', 1, '', '', 0, 0, 0, 0, '0000-00-00 00:00:00', '0000-00-00 00:00:00', '0000-00-00 00:00:00'),
(381, 'OKI-715', 1, '', '', 0, 0, 0, 0, '0000-00-00 00:00:00', '0000-00-00 00:00:00', '0000-00-00 00:00:00'),
(382, 'LIB-141', 1, '', '', 0, 0, 0, 0, '0000-00-00 00:00:00', '0000-00-00 00:00:00', '0000-00-00 00:00:00'),
(383, 'NGD-110', 1, '', '', 0, 0, 0, 0, '0000-00-00 00:00:00', '0000-00-00 00:00:00', '0000-00-00 00:00:00'),
(384, 'LLW-005', 1, '', '', 0, 0, 0, 0, '0000-00-00 00:00:00', '0000-00-00 00:00:00', '0000-00-00 00:00:00'),
(385, 'RTM-845', 1, '', '', 0, 0, 0, 0, '0000-00-00 00:00:00', '0000-00-00 00:00:00', '0000-00-00 00:00:00'),
(386, 'KUP-451', 1, '', '', 0, 0, 0, 0, '0000-00-00 00:00:00', '0000-00-00 00:00:00', '0000-00-00 00:00:00'),
(387, 'KWS-448', 1, '', '', 0, 0, 0, 0, '0000-00-00 00:00:00', '0000-00-00 00:00:00', '0000-00-00 00:00:00'),
(388, 'RCF-860', 1, '', '', 0, 0, 0, 0, '0000-00-00 00:00:00', '0000-00-00 00:00:00', '0000-00-00 00:00:00'),
(389, 'IIQ-306', 1, '', '', 0, 0, 0, 0, '0000-00-00 00:00:00', '0000-00-00 00:00:00', '0000-00-00 00:00:00'),
(390, 'HKK-060', 1, '', '', 0, 0, 0, 0, '0000-00-00 00:00:00', '0000-00-00 00:00:00', '0000-00-00 00:00:00'),
(391, 'KPF-878', 1, '', '', 0, 0, 0, 0, '0000-00-00 00:00:00', '0000-00-00 00:00:00', '0000-00-00 00:00:00'),
(392, 'ROO-512', 1, '', '', 0, 0, 0, 0, '0000-00-00 00:00:00', '0000-00-00 00:00:00', '0000-00-00 00:00:00'),
(393, 'KUY-448', 1, '', '', 0, 0, 0, 0, '0000-00-00 00:00:00', '0000-00-00 00:00:00', '0000-00-00 00:00:00'),
(394, 'PUM-736', 1, '', '', 0, 0, 0, 0, '0000-00-00 00:00:00', '0000-00-00 00:00:00', '0000-00-00 00:00:00'),
(395, 'NGX-631', 1, '', '', 0, 0, 0, 0, '0000-00-00 00:00:00', '0000-00-00 00:00:00', '0000-00-00 00:00:00'),
(396, 'IPF-470', 1, '', '', 0, 0, 0, 0, '0000-00-00 00:00:00', '0000-00-00 00:00:00', '0000-00-00 00:00:00'),
(397, 'IVE-263', 1, '', '', 0, 0, 0, 0, '0000-00-00 00:00:00', '0000-00-00 00:00:00', '0000-00-00 00:00:00'),
(398, 'MTX-268', 1, '', '', 0, 0, 0, 0, '0000-00-00 00:00:00', '0000-00-00 00:00:00', '0000-00-00 00:00:00'),
(399, 'IEP-567', 1, '', '', 0, 0, 0, 0, '0000-00-00 00:00:00', '0000-00-00 00:00:00', '0000-00-00 00:00:00'),
(400, 'NHO-918', 1, '', '', 0, 0, 0, 0, '0000-00-00 00:00:00', '0000-00-00 00:00:00', '0000-00-00 00:00:00'),
(401, 'MSB-779', 1, '', '', 0, 0, 0, 0, '0000-00-00 00:00:00', '0000-00-00 00:00:00', '0000-00-00 00:00:00'),
(402, 'JON-067', 1, '', '', 0, 0, 0, 0, '0000-00-00 00:00:00', '0000-00-00 00:00:00', '0000-00-00 00:00:00'),
(403, 'GWR-479', 1, '', '', 0, 0, 0, 0, '0000-00-00 00:00:00', '0000-00-00 00:00:00', '0000-00-00 00:00:00'),
(404, 'KUR-927', 1, '', '', 0, 0, 0, 0, '0000-00-00 00:00:00', '0000-00-00 00:00:00', '0000-00-00 00:00:00'),
(405, 'HHL-935', 1, '', '', 0, 0, 0, 0, '0000-00-00 00:00:00', '0000-00-00 00:00:00', '0000-00-00 00:00:00'),
(406, 'IKS-792', 1, '', '', 0, 0, 0, 0, '0000-00-00 00:00:00', '0000-00-00 00:00:00', '0000-00-00 00:00:00'),
(407, 'NIR-726', 1, '', '', 0, 0, 0, 0, '0000-00-00 00:00:00', '0000-00-00 00:00:00', '0000-00-00 00:00:00'),
(408, 'NFD-328', 1, '', '', 0, 0, 0, 0, '0000-00-00 00:00:00', '0000-00-00 00:00:00', '0000-00-00 00:00:00'),
(409, 'JII-695', 1, '', '', 0, 0, 0, 0, '0000-00-00 00:00:00', '0000-00-00 00:00:00', '0000-00-00 00:00:00'),
(410, 'OHK-334', 1, '', '', 0, 0, 0, 0, '0000-00-00 00:00:00', '0000-00-00 00:00:00', '0000-00-00 00:00:00'),
(411, 'HMQ-098', 1, '', '', 0, 0, 0, 0, '0000-00-00 00:00:00', '0000-00-00 00:00:00', '0000-00-00 00:00:00'),
(412, 'GAC-688', 1, '', '', 0, 0, 0, 0, '0000-00-00 00:00:00', '0000-00-00 00:00:00', '0000-00-00 00:00:00'),
(413, 'LVH-436', 1, '', '', 0, 0, 0, 0, '0000-00-00 00:00:00', '0000-00-00 00:00:00', '0000-00-00 00:00:00'),
(414, 'MMR-718', 1, '', '', 0, 0, 0, 0, '0000-00-00 00:00:00', '0000-00-00 00:00:00', '0000-00-00 00:00:00'),
(415, 'GLB-031', 1, '', '', 0, 0, 0, 0, '0000-00-00 00:00:00', '0000-00-00 00:00:00', '0000-00-00 00:00:00'),
(416, 'KUP-115', 1, '', '', 0, 0, 0, 0, '0000-00-00 00:00:00', '0000-00-00 00:00:00', '0000-00-00 00:00:00'),
(417, 'IHF-864', 1, '', '', 0, 0, 0, 0, '0000-00-00 00:00:00', '0000-00-00 00:00:00', '0000-00-00 00:00:00'),
(418, 'OQU-791', 1, '', '', 0, 0, 0, 0, '0000-00-00 00:00:00', '0000-00-00 00:00:00', '0000-00-00 00:00:00'),
(419, 'PIQ-605', 1, '', '', 0, 0, 0, 0, '0000-00-00 00:00:00', '0000-00-00 00:00:00', '0000-00-00 00:00:00'),
(420, 'RCN-831', 1, '', '', 0, 0, 0, 0, '0000-00-00 00:00:00', '0000-00-00 00:00:00', '0000-00-00 00:00:00'),
(421, 'OKP-987', 1, '', '', 0, 0, 0, 0, '0000-00-00 00:00:00', '0000-00-00 00:00:00', '0000-00-00 00:00:00'),
(422, 'GHS-739', 1, '', '', 0, 0, 0, 0, '0000-00-00 00:00:00', '0000-00-00 00:00:00', '0000-00-00 00:00:00'),
(423, 'OYO-941', 1, '', '', 0, 0, 0, 0, '0000-00-00 00:00:00', '0000-00-00 00:00:00', '0000-00-00 00:00:00'),
(424, 'KSI-738', 1, '', '', 0, 0, 0, 0, '0000-00-00 00:00:00', '0000-00-00 00:00:00', '0000-00-00 00:00:00'),
(425, 'PYQ-915', 1, '', '', 0, 0, 0, 0, '0000-00-00 00:00:00', '0000-00-00 00:00:00', '0000-00-00 00:00:00'),
(426, 'HNQ-803', 1, '', '', 0, 0, 0, 0, '0000-00-00 00:00:00', '0000-00-00 00:00:00', '0000-00-00 00:00:00'),
(427, 'LXG-899', 1, '', '', 0, 0, 0, 0, '0000-00-00 00:00:00', '0000-00-00 00:00:00', '0000-00-00 00:00:00'),
(428, 'HBN-408', 1, '', '', 0, 0, 0, 0, '0000-00-00 00:00:00', '0000-00-00 00:00:00', '0000-00-00 00:00:00'),
(429, 'KVD-491', 1, '', '', 0, 0, 0, 0, '0000-00-00 00:00:00', '0000-00-00 00:00:00', '0000-00-00 00:00:00'),
(430, 'LMK-739', 1, '', '', 0, 0, 0, 0, '0000-00-00 00:00:00', '0000-00-00 00:00:00', '0000-00-00 00:00:00'),
(431, 'HHP-225', 1, '', '', 0, 0, 0, 0, '0000-00-00 00:00:00', '0000-00-00 00:00:00', '0000-00-00 00:00:00'),
(432, 'MCL-235', 1, '', '', 0, 0, 0, 0, '0000-00-00 00:00:00', '0000-00-00 00:00:00', '0000-00-00 00:00:00'),
(433, 'ORW-053', 1, '', '', 0, 0, 0, 0, '0000-00-00 00:00:00', '0000-00-00 00:00:00', '0000-00-00 00:00:00');
INSERT INTO `jarmu` (`Id`, `rendszam`, `kategoriaId`, `tipus`, `modell`, `ferohely`, `fogyasztas`, `elerheto`, `szervizben`, `szervizDatum`, `muszakiDatum`, `beszerzesDatum`) VALUES
(434, 'MQV-888', 1, '', '', 0, 0, 0, 0, '0000-00-00 00:00:00', '0000-00-00 00:00:00', '0000-00-00 00:00:00'),
(435, 'LGV-538', 1, '', '', 0, 0, 0, 0, '0000-00-00 00:00:00', '0000-00-00 00:00:00', '0000-00-00 00:00:00'),
(436, 'KQD-684', 1, '', '', 0, 0, 0, 0, '0000-00-00 00:00:00', '0000-00-00 00:00:00', '0000-00-00 00:00:00'),
(437, 'ONN-812', 1, '', '', 0, 0, 0, 0, '0000-00-00 00:00:00', '0000-00-00 00:00:00', '0000-00-00 00:00:00'),
(438, 'HJK-911', 1, '', '', 0, 0, 0, 0, '0000-00-00 00:00:00', '0000-00-00 00:00:00', '0000-00-00 00:00:00'),
(439, 'LCJ-810', 1, '', '', 0, 0, 0, 0, '0000-00-00 00:00:00', '0000-00-00 00:00:00', '0000-00-00 00:00:00'),
(440, 'RLW-854', 1, '', '', 0, 0, 0, 0, '0000-00-00 00:00:00', '0000-00-00 00:00:00', '0000-00-00 00:00:00'),
(441, 'NEB-645', 1, '', '', 0, 0, 0, 0, '0000-00-00 00:00:00', '0000-00-00 00:00:00', '0000-00-00 00:00:00'),
(442, 'JDM-540', 1, '', '', 0, 0, 0, 0, '0000-00-00 00:00:00', '0000-00-00 00:00:00', '0000-00-00 00:00:00'),
(443, 'GXK-213', 1, '', '', 0, 0, 0, 0, '0000-00-00 00:00:00', '0000-00-00 00:00:00', '0000-00-00 00:00:00'),
(444, 'PFU-804', 1, '', '', 0, 0, 0, 0, '0000-00-00 00:00:00', '0000-00-00 00:00:00', '0000-00-00 00:00:00'),
(445, 'JKD-298', 1, '', '', 0, 0, 0, 0, '0000-00-00 00:00:00', '0000-00-00 00:00:00', '0000-00-00 00:00:00'),
(446, 'KUF-911', 1, '', '', 0, 0, 0, 0, '0000-00-00 00:00:00', '0000-00-00 00:00:00', '0000-00-00 00:00:00'),
(447, 'IAL-501', 1, '', '', 0, 0, 0, 0, '0000-00-00 00:00:00', '0000-00-00 00:00:00', '0000-00-00 00:00:00'),
(448, 'JWJ-364', 1, '', '', 0, 0, 0, 0, '0000-00-00 00:00:00', '0000-00-00 00:00:00', '0000-00-00 00:00:00'),
(449, 'NAG-286', 1, '', '', 0, 0, 0, 0, '0000-00-00 00:00:00', '0000-00-00 00:00:00', '0000-00-00 00:00:00'),
(450, 'KBB-335', 1, '', '', 0, 0, 0, 0, '0000-00-00 00:00:00', '0000-00-00 00:00:00', '0000-00-00 00:00:00'),
(451, 'NAE-312', 1, '', '', 0, 0, 0, 0, '0000-00-00 00:00:00', '0000-00-00 00:00:00', '0000-00-00 00:00:00'),
(452, 'NOH-363', 1, '', '', 0, 0, 0, 0, '0000-00-00 00:00:00', '0000-00-00 00:00:00', '0000-00-00 00:00:00'),
(453, 'GHI-008', 1, '', '', 0, 0, 0, 0, '0000-00-00 00:00:00', '0000-00-00 00:00:00', '0000-00-00 00:00:00'),
(454, 'RTI-548', 1, '', '', 0, 0, 0, 0, '0000-00-00 00:00:00', '0000-00-00 00:00:00', '0000-00-00 00:00:00'),
(455, 'OCT-028', 1, '', '', 0, 0, 0, 0, '0000-00-00 00:00:00', '0000-00-00 00:00:00', '0000-00-00 00:00:00'),
(456, 'PNC-515', 1, '', '', 0, 0, 0, 0, '0000-00-00 00:00:00', '0000-00-00 00:00:00', '0000-00-00 00:00:00'),
(457, 'GHD-828', 1, '', '', 0, 0, 0, 0, '0000-00-00 00:00:00', '0000-00-00 00:00:00', '0000-00-00 00:00:00'),
(458, 'RFW-828', 1, '', '', 0, 0, 0, 0, '0000-00-00 00:00:00', '0000-00-00 00:00:00', '0000-00-00 00:00:00'),
(459, 'LUL-097', 1, '', '', 0, 0, 0, 0, '0000-00-00 00:00:00', '0000-00-00 00:00:00', '0000-00-00 00:00:00'),
(460, 'HCY-384', 1, '', '', 0, 0, 0, 0, '0000-00-00 00:00:00', '0000-00-00 00:00:00', '0000-00-00 00:00:00'),
(461, 'HWK-176', 1, '', '', 0, 0, 0, 0, '0000-00-00 00:00:00', '0000-00-00 00:00:00', '0000-00-00 00:00:00'),
(462, 'GTP-505', 1, '', '', 0, 0, 0, 0, '0000-00-00 00:00:00', '0000-00-00 00:00:00', '0000-00-00 00:00:00'),
(463, 'HPI-956', 1, '', '', 0, 0, 0, 0, '0000-00-00 00:00:00', '0000-00-00 00:00:00', '0000-00-00 00:00:00'),
(464, 'IHW-164', 1, '', '', 0, 0, 0, 0, '0000-00-00 00:00:00', '0000-00-00 00:00:00', '0000-00-00 00:00:00'),
(465, 'GTM-893', 1, '', '', 0, 0, 0, 0, '0000-00-00 00:00:00', '0000-00-00 00:00:00', '0000-00-00 00:00:00'),
(466, 'LFO-735', 1, '', '', 0, 0, 0, 0, '0000-00-00 00:00:00', '0000-00-00 00:00:00', '0000-00-00 00:00:00'),
(467, 'MJD-961', 1, '', '', 0, 0, 0, 0, '0000-00-00 00:00:00', '0000-00-00 00:00:00', '0000-00-00 00:00:00'),
(468, 'ROF-212', 1, '', '', 0, 0, 0, 0, '0000-00-00 00:00:00', '0000-00-00 00:00:00', '0000-00-00 00:00:00'),
(469, 'MVY-390', 1, '', '', 0, 0, 0, 0, '0000-00-00 00:00:00', '0000-00-00 00:00:00', '0000-00-00 00:00:00'),
(470, 'GTJ-602', 1, '', '', 0, 0, 0, 0, '0000-00-00 00:00:00', '0000-00-00 00:00:00', '0000-00-00 00:00:00'),
(471, 'KPP-939', 1, '', '', 0, 0, 0, 0, '0000-00-00 00:00:00', '0000-00-00 00:00:00', '0000-00-00 00:00:00'),
(472, 'LHB-554', 1, '', '', 0, 0, 0, 0, '0000-00-00 00:00:00', '0000-00-00 00:00:00', '0000-00-00 00:00:00'),
(473, 'RHG-345', 1, '', '', 0, 0, 0, 0, '0000-00-00 00:00:00', '0000-00-00 00:00:00', '0000-00-00 00:00:00'),
(474, 'GKN-888', 1, '', '', 0, 0, 0, 0, '0000-00-00 00:00:00', '0000-00-00 00:00:00', '0000-00-00 00:00:00'),
(475, 'JNG-299', 1, '', '', 0, 0, 0, 0, '0000-00-00 00:00:00', '0000-00-00 00:00:00', '0000-00-00 00:00:00'),
(476, 'JQI-813', 1, '', '', 0, 0, 0, 0, '0000-00-00 00:00:00', '0000-00-00 00:00:00', '0000-00-00 00:00:00'),
(477, 'IPV-991', 1, '', '', 0, 0, 0, 0, '0000-00-00 00:00:00', '0000-00-00 00:00:00', '0000-00-00 00:00:00'),
(478, 'NFK-087', 1, '', '', 0, 0, 0, 0, '0000-00-00 00:00:00', '0000-00-00 00:00:00', '0000-00-00 00:00:00'),
(479, 'OTS-810', 1, '', '', 0, 0, 0, 0, '0000-00-00 00:00:00', '0000-00-00 00:00:00', '0000-00-00 00:00:00'),
(480, 'KDF-265', 1, '', '', 0, 0, 0, 0, '0000-00-00 00:00:00', '0000-00-00 00:00:00', '0000-00-00 00:00:00'),
(481, 'OPX-247', 1, '', '', 0, 0, 0, 0, '0000-00-00 00:00:00', '0000-00-00 00:00:00', '0000-00-00 00:00:00'),
(482, 'HBX-494', 1, '', '', 0, 0, 0, 0, '0000-00-00 00:00:00', '0000-00-00 00:00:00', '0000-00-00 00:00:00'),
(483, 'OEQ-461', 1, '', '', 0, 0, 0, 0, '0000-00-00 00:00:00', '0000-00-00 00:00:00', '0000-00-00 00:00:00'),
(484, 'PAF-988', 1, '', '', 0, 0, 0, 0, '0000-00-00 00:00:00', '0000-00-00 00:00:00', '0000-00-00 00:00:00'),
(485, 'NIY-208', 1, '', '', 0, 0, 0, 0, '0000-00-00 00:00:00', '0000-00-00 00:00:00', '0000-00-00 00:00:00'),
(486, 'PIW-466', 1, '', '', 0, 0, 0, 0, '0000-00-00 00:00:00', '0000-00-00 00:00:00', '0000-00-00 00:00:00'),
(487, 'IWB-039', 1, '', '', 0, 0, 0, 0, '0000-00-00 00:00:00', '0000-00-00 00:00:00', '0000-00-00 00:00:00'),
(488, 'JCH-310', 1, '', '', 0, 0, 0, 0, '0000-00-00 00:00:00', '0000-00-00 00:00:00', '0000-00-00 00:00:00'),
(489, 'JGH-785', 1, '', '', 0, 0, 0, 0, '0000-00-00 00:00:00', '0000-00-00 00:00:00', '0000-00-00 00:00:00'),
(490, 'OVO-164', 1, '', '', 0, 0, 0, 0, '0000-00-00 00:00:00', '0000-00-00 00:00:00', '0000-00-00 00:00:00'),
(491, 'NAH-318', 1, '', '', 0, 0, 0, 0, '0000-00-00 00:00:00', '0000-00-00 00:00:00', '0000-00-00 00:00:00'),
(492, 'GQX-993', 1, '', '', 0, 0, 0, 0, '0000-00-00 00:00:00', '0000-00-00 00:00:00', '0000-00-00 00:00:00'),
(493, 'NID-494', 1, '', '', 0, 0, 0, 0, '0000-00-00 00:00:00', '0000-00-00 00:00:00', '0000-00-00 00:00:00'),
(494, 'MJX-373', 1, '', '', 0, 0, 0, 0, '0000-00-00 00:00:00', '0000-00-00 00:00:00', '0000-00-00 00:00:00'),
(495, 'IAX-019', 1, '', '', 0, 0, 0, 0, '0000-00-00 00:00:00', '0000-00-00 00:00:00', '0000-00-00 00:00:00'),
(496, 'OBO-903', 1, '', '', 0, 0, 0, 0, '0000-00-00 00:00:00', '0000-00-00 00:00:00', '0000-00-00 00:00:00'),
(497, 'OHG-665', 1, '', '', 0, 0, 0, 0, '0000-00-00 00:00:00', '0000-00-00 00:00:00', '0000-00-00 00:00:00'),
(498, 'GKP-234', 1, '', '', 0, 0, 0, 0, '0000-00-00 00:00:00', '0000-00-00 00:00:00', '0000-00-00 00:00:00'),
(499, 'RBS-910', 1, '', '', 0, 0, 0, 0, '0000-00-00 00:00:00', '0000-00-00 00:00:00', '0000-00-00 00:00:00'),
(500, 'KNB-070', 1, '', '', 0, 0, 0, 0, '0000-00-00 00:00:00', '0000-00-00 00:00:00', '0000-00-00 00:00:00'),
(501, 'LEB-608', 1, '', '', 0, 0, 0, 0, '0000-00-00 00:00:00', '0000-00-00 00:00:00', '0000-00-00 00:00:00'),
(502, 'RSP-959', 1, '', '', 0, 0, 0, 0, '0000-00-00 00:00:00', '0000-00-00 00:00:00', '0000-00-00 00:00:00');

-- --------------------------------------------------------

--
-- Tábla szerkezet ehhez a táblához `jarmukategoria`
--

CREATE TABLE `jarmukategoria` (
  `Id` int(11) NOT NULL,
  `kategoriaNev` varchar(50) CHARACTER SET utf8mb4 NOT NULL
) ENGINE=InnoDB DEFAULT CHARSET=utf8;

--
-- A tábla adatainak kiíratása `jarmukategoria`
--

INSERT INTO `jarmukategoria` (`Id`, `kategoriaNev`) VALUES
(1, 'Személygépkocsi'),
(2, 'Teherautó'),
(3, 'Kamion'),
(4, 'Kisbusz');

-- --------------------------------------------------------

--
-- Tábla szerkezet ehhez a táblához `rendeles`
--

CREATE TABLE `rendeles` (
  `id` int(11) NOT NULL,
  `ugyfel_id` int(11) NOT NULL,
  `jarmu_id` int(11) NOT NULL,
  `datum` datetime DEFAULT current_timestamp()
) ENGINE=InnoDB DEFAULT CHARSET=utf8;

--
-- A tábla adatainak kiíratása `rendeles`
--

INSERT INTO `rendeles` (`id`, `ugyfel_id`, `jarmu_id`, `datum`) VALUES
(1, 1, 1, '2020-03-05 00:00:00'),
(2, 2, 2, '2020-03-05 15:57:34');

-- --------------------------------------------------------

--
-- Tábla szerkezet ehhez a táblához `ugyfel`
--

CREATE TABLE `ugyfel` (
  `id` int(11) NOT NULL,
  `vezeteknev` varchar(50) NOT NULL,
  `keresztnev` varchar(50) NOT NULL,
  `varos` varchar(50) NOT NULL,
  `cim` varchar(100) NOT NULL,
  `irszam` int(5) NOT NULL,
  `telefonszam` varchar(12) NOT NULL,
  `email` varchar(50) NOT NULL,
  `pont` int(3) NOT NULL DEFAULT 0
) ENGINE=InnoDB DEFAULT CHARSET=utf8;

--
-- A tábla adatainak kiíratása `ugyfel`
--

INSERT INTO `ugyfel` (`id`, `vezeteknev`, `keresztnev`, `varos`, `cim`, `irszam`, `telefonszam`, `email`, `pont`) VALUES
(1, 'Butt', 'James', 'New Orleans', '6649 N Blue Gum St', 70116, '504-621-89', 'jbutt@gmail.com', 0),
(2, 'Darakjy', 'Josephine', 'Brighton', '4 B Blue Ridge Blvd', 48116, '810-292-93', 'josephine_darakjy@darakjy.org', 0),
(3, 'Venere', 'Art', 'Bridgeport', '8 W Cerritos Ave #54', 8014, '856-636-87', 'art@venere.org', 0),
(4, 'Paprocki', 'Lenna', 'Anchorage', '639 Main St', 99501, '907-385-44', 'lpaprocki@hotmail.com', 0),
(5, 'Foller', 'Donette', 'Hamilton', '34 Center St', 45011, '513-570-18', 'donette.foller@cox.net', 0),
(6, 'Morasca', 'Simona', 'Ashland', '3 Mcauley Dr', 44805, '419-503-24', 'simona@morasca.com', 0),
(7, 'Tollner', 'Mitsue', 'Chicago', '7 Eads St', 60632, '773-573-69', 'mitsue_tollner@yahoo.com', 0),
(8, 'Dilliard', 'Leota', 'San Jose', '7 W Jackson Blvd', 95111, '408-752-35', 'leota@hotmail.com', 0),
(9, 'Wieser', 'Sage', 'Sioux Falls', '5 Boston Ave #88', 57105, '605-414-21', 'sage_wieser@cox.net', 0),
(10, 'Marrier', 'Kris', 'Baltimore', '228 Runamuck Pl #2808', 21224, '410-655-87', 'kris@gmail.com', 0),
(11, 'Amigon', 'Minna', 'Kulpsville', '2371 Jerrold Ave', 19443, '215-874-12', 'minna_amigon@yahoo.com', 0),
(12, 'Maclead', 'Abel', 'Middle Island', '37275 St  Rt 17m M', 11953, '631-335-34', 'amaclead@gmail.com', 0),
(13, 'Caldarera', 'Kiley', 'Los Angeles', '25 E 75th St #69', 90034, '310-498-56', 'kiley.caldarera@aol.com', 0),
(14, 'Ruta', 'Graciela', 'Chagrin Falls', '98 Connecticut Ave Nw', 44023, '440-780-84', 'gruta@cox.net', 0),
(15, 'Albares', 'Cammy', 'Laredo', '56 E Morehead St', 78045, '956-537-61', 'calbares@gmail.com', 0),
(16, 'Poquette', 'Mattie', 'Phoenix', '73 State Road 434 E', 85013, '602-277-43', 'mattie@aol.com', 0),
(17, 'Garufi', 'Meaghan', 'Mc Minnville', '69734 E Carrillo St', 37110, '931-313-96', 'meaghan@hotmail.com', 0),
(18, 'Rim', 'Gladys', 'Milwaukee', '322 New Horizon Blvd', 53207, '414-661-95', 'gladys.rim@rim.org', 0),
(19, 'Whobrey', 'Yuki', 'Taylor', '1 State Route 27', 48180, '313-288-79', 'yuki_whobrey@aol.com', 0),
(20, 'Flosi', 'Fletcher', 'Rockford', '394 Manchester Blvd', 61109, '815-828-21', 'fletcher.flosi@yahoo.com', 0),
(21, 'Nicka', 'Bette', 'Aston', '6 S 33rd St', 19014, '610-545-36', 'bette_nicka@cox.net', 0),
(22, 'Inouye', 'Veronika', 'San Jose', '6 Greenleaf Ave', 95111, '408-540-17', 'vinouye@aol.com', 0),
(23, 'Kolmetz', 'Willard', 'Irving', '618 W Yakima Ave', 75062, '972-303-91', 'willard@hotmail.com', 0),
(24, 'Royster', 'Maryann', 'Albany', '74 S Westgate St', 12204, '518-966-79', 'mroyster@royster.com', 0),
(25, 'Slusarski', 'Alisha', 'Middlesex', '3273 State St', 8846, '732-658-31', 'alisha@slusarski.com', 0),
(26, 'Iturbide', 'Allene', 'Stevens Point', '1 Central Ave', 54481, '715-662-67', 'allene_iturbide@cox.net', 0),
(27, 'Caudy', 'Chanel', 'Shawnee', '86 Nw 66th St #8673', 66218, '913-388-20', 'chanel.caudy@caudy.org', 0),
(28, 'Chui', 'Ezekiel', 'Easton', '2 Cedar Ave #84', 21601, '410-669-16', 'ezekiel@chui.com', 0),
(29, 'Kusko', 'Willow', 'New York', '90991 Thorburn Ave', 10011, '212-582-49', 'wkusko@yahoo.com', 0),
(30, 'Figeroa', 'Bernardo', 'Conroe', '386 9th Ave N', 77301, '936-336-39', 'bfigeroa@aol.com', 0),
(31, 'Corrio', 'Ammie', 'Columbus', '74874 Atlantic Ave', 43215, '614-801-97', 'ammie@corrio.com', 0),
(32, 'Vocelka', 'Francine', 'Las Cruces', '366 South Dr', 88011, '505-977-39', 'francine_vocelka@vocelka.com', 0),
(33, 'Stenseth', 'Ernie', 'Ridgefield Park', '45 E Liberty St', 7660, '201-709-62', 'ernie_stenseth@aol.com', 0),
(34, 'Glick', 'Albina', 'Dunellen', '4 Ralph Ct', 8812, '732-924-78', 'albina@glick.com', 0),
(35, 'Sergi', 'Alishia', 'New York', '2742 Distribution Way', 10025, '212-860-15', 'asergi@gmail.com', 0),
(36, 'Shinko', 'Solange', 'Metairie', '426 Wolf St', 70002, '504-979-91', 'solange@shinko.com', 0),
(37, 'Stockham', 'Jose', 'New York', '128 Bransten Rd', 10011, '212-675-85', 'jose@yahoo.com', 0),
(38, 'Ostrosky', 'Rozella', 'Camarillo', '17 Morena Blvd', 93012, '805-832-61', 'rozella.ostrosky@ostrosky.com', 0),
(39, 'Gillian', 'Valentine', 'San Antonio', '775 W 17th St', 78204, '210-812-95', 'valentine_gillian@gmail.com', 0),
(40, 'Rulapaugh', 'Kati', 'Abilene', '6980 Dorsett Rd', 67410, '785-463-78', 'kati.rulapaugh@hotmail.com', 0),
(41, 'Schemmer', 'Youlanda', 'Prineville', '2881 Lewis Rd', 97754, '541-548-81', 'youlanda@aol.com', 0),
(42, 'Oldroyd', 'Dyan', 'Overland Park', '7219 Woodfield Rd', 66204, '913-413-46', 'doldroyd@aol.com', 0),
(43, 'Campain', 'Roxane', 'Fairbanks', '1048 Main St', 99708, '907-231-47', 'roxane@hotmail.com', 0),
(44, 'Perin', 'Lavera', 'Miami', '678 3rd Ave', 33196, '305-606-72', 'lperin@perin.org', 0),
(45, 'Ferencz', 'Erick', 'Fairbanks', '20 S Babcock St', 99712, '907-741-10', 'erick.ferencz@aol.com', 0),
(46, 'Saylors', 'Fatima', 'Hopkins', '2 Lighthouse Ave', 55343, '952-768-24', 'fsaylors@saylors.org', 0),
(47, 'Briddick', 'Jina', 'Boston', '38938 Park Blvd', 2128, '617-399-51', 'jina_briddick@briddick.com', 0),
(48, 'Waycott', 'Kanisha', 'Los Angeles', '5 Tomahawk Dr', 90006, '323-453-27', 'kanisha_waycott@yahoo.com', 0),
(49, 'Bowley', 'Emerson', 'Madison', '762 S Main St', 53711, '608-336-74', 'emerson.bowley@bowley.org', 0),
(50, 'Malet', 'Blair', 'Philadelphia', '209 Decker Dr', 19132, '215-907-91', 'bmalet@yahoo.com', 0),
(51, 'Bolognia', 'Brock', 'New York', '4486 W O St #1', 10003, '212-402-92', 'bbolognia@yahoo.com', 0),
(52, 'Nestle', 'Lorrie', 'Tullahoma', '39 S 7th St', 37388, '931-875-66', 'lnestle@hotmail.com', 0),
(53, 'Uyetake', 'Sabra', 'Columbia', '98839 Hawthorne Blvd #6101', 29201, '803-925-52', 'sabra@uyetake.org', 0),
(54, 'Mastella', 'Marjory', 'Wayne', '71 San Mateo Ave', 19087, '610-814-55', 'mmastella@mastella.com', 0),
(55, 'Klonowski', 'Karl', 'Flemington', '76 Brooks St #9', 8822, '908-877-61', 'karl_klonowski@yahoo.com', 0),
(56, 'Wenner', 'Tonette', 'Westbury', '4545 Courthouse Rd', 11590, '516-968-60', 'twenner@aol.com', 0),
(57, 'Monarrez', 'Amber', 'Jenkintown', '14288 Foster Ave #4121', 19046, '215-934-86', 'amber_monarrez@monarrez.org', 0),
(58, 'Seewald', 'Shenika', 'Van Nuys', '4 Otis St', 91405, '818-423-40', 'shenika@gmail.com', 0),
(59, 'Ahle', 'Delmy', 'Providence', '65895 S 16th St', 2909, '401-458-25', 'delmy.ahle@hotmail.com', 0),
(60, 'Juhas', 'Deeanna', 'Huntingdon Valley', '14302 Pennsylvania Ave', 19006, '215-211-95', 'deeanna_juhas@gmail.com', 0),
(61, 'Pugh', 'Blondell', 'Providence', '201 Hawk Ct', 2904, '401-960-82', 'bpugh@aol.com', 0),
(62, 'Vanausdal', 'Jamal', 'Monroe Township', '53075 Sw 152nd Ter #615', 8831, '732-234-15', 'jamal@vanausdal.org', 0),
(63, 'Hollack', 'Cecily', 'Austin', '59 N Groesbeck Hwy', 78731, '512-486-38', 'cecily@hollack.org', 0),
(64, 'Lindall', 'Carmelina', 'Littleton', '2664 Lewis Rd', 80126, '303-724-73', 'carmelina_lindall@lindall.com', 0),
(65, 'Yglesias', 'Maurine', 'Milwaukee', '59 Shady Ln #53', 53214, '414-748-13', 'maurine_yglesias@yglesias.com', 0),
(66, 'Buvens', 'Tawna', 'New York', '3305 Nabell Ave #679', 10009, '212-674-96', 'tawna@gmail.com', 0),
(67, 'Weight', 'Penney', 'Anchorage', '18 Fountain St', 99515, '907-797-96', 'penney_weight@aol.com', 0),
(68, 'Morocco', 'Elly', 'Erie', '7 W 32nd St', 16502, '814-393-55', 'elly_morocco@gmail.com', 0),
(69, 'Eroman', 'Ilene', 'Glen Burnie', '2853 S Central Expy', 21061, '410-914-90', 'ilene.eroman@hotmail.com', 0),
(70, 'Mondella', 'Vallie', 'Boise', '74 W College St', 83707, '208-862-53', 'vmondella@mondella.com', 0),
(71, 'Blackwood', 'Kallie', 'San Francisco', '701 S Harrison Rd', 94104, '415-315-27', 'kallie.blackwood@gmail.com', 0),
(72, 'Abdallah', 'Johnetta', 'Chapel Hill', '1088 Pinehurst St', 27514, '919-225-93', 'johnetta_abdallah@aol.com', 0),
(73, 'Rhym', 'Bobbye', 'San Carlos', '30 W 80th St #1995', 94070, '650-528-57', 'brhym@rhym.com', 0),
(74, 'Rhymes', 'Micaela', 'Concord', '20932 Hedley St', 94520, '925-647-32', 'micaela_rhymes@gmail.com', 0),
(75, 'Hoogland', 'Tamar', 'London', '2737 Pistorio Rd #9230', 43140, '740-343-85', 'tamar@hotmail.com', 0),
(76, 'Parlato', 'Moon', 'Wellsville', '74989 Brandon St', 14895, '585-866-83', 'moon@yahoo.com', 0),
(77, 'Reitler', 'Laurel', 'Baltimore', '6 Kains Ave', 21215, '410-520-48', 'laurel_reitler@reitler.com', 0),
(78, 'Crupi', 'Delisa', 'Newark', '47565 W Grand Ave', 7105, '973-354-20', 'delisa.crupi@crupi.com', 0),
(79, 'Toelkes', 'Viva', 'Chicago', '4284 Dorigo Ln', 60647, '773-446-55', 'viva.toelkes@gmail.com', 0),
(80, 'Lipke', 'Elza', 'Newark', '6794 Lake Dr E', 7104, '973-927-34', 'elza@yahoo.com', 0),
(81, 'Chickering', 'Devorah', 'Clovis', '31 Douglas Blvd #950', 88101, '505-975-85', 'devorah@hotmail.com', 0),
(82, 'Mulqueen', 'Timothy', 'Staten Island', '44 W 4th St', 10309, '718-332-65', 'timothy_mulqueen@mulqueen.org', 0),
(83, 'Honeywell', 'Arlette', 'Jacksonville', '11279 Loytan St', 32254, '904-775-44', 'ahoneywell@honeywell.com', 0),
(84, 'Dickerson', 'Dominque', 'Hayward', '69 Marquette Ave', 94545, '510-993-37', 'dominque.dickerson@dickerson.org', 0),
(85, 'Isenhower', 'Lettie', 'Beachwood', '70 W Main St', 44122, '216-657-76', 'lettie_isenhower@yahoo.com', 0),
(86, 'Munns', 'Myra', 'Euless', '461 Prospect Pl #316', 76040, '817-914-75', 'mmunns@cox.net', 0),
(87, 'Barfield', 'Stephaine', 'Gardena', '47154 Whipple Ave Nw', 90247, '310-774-76', 'stephaine@barfield.com', 0),
(88, 'Gato', 'Lai', 'Evanston', '37 Alabama Ave', 60201, '847-728-72', 'lai.gato@gato.org', 0),
(89, 'Emigh', 'Stephen', 'Akron', '3777 E Richmond St #900', 44302, '330-537-53', 'stephen_emigh@hotmail.com', 0),
(90, 'Shields', 'Tyra', 'Philadelphia', '3 Fort Worth Ave', 19106, '215-255-16', 'tshields@gmail.com', 0),
(91, 'Wardrip', 'Tammara', 'Burlingame', '4800 Black Horse Pike', 94010, '650-803-19', 'twardrip@cox.net', 0),
(92, 'Gibes', 'Cory', 'San Gabriel', '83649 W Belmont Ave', 91776, '626-572-10', 'cory.gibes@gmail.com', 0),
(93, 'Bruschke', 'Danica', 'Waco', '840 15th Ave', 76708, '254-782-85', 'danica_bruschke@gmail.com', 0),
(94, 'Giguere', 'Wilda', 'Anchorage', '1747 Calle Amanecer #2', 99501, '907-870-55', 'wilda@cox.net', 0),
(95, 'Benimadho', 'Elvera', 'San Jose', '99385 Charity St #840', 95110, '408-703-85', 'elvera.benimadho@cox.net', 0),
(96, 'Vanheusen', 'Carma', 'San Leandro', '68556 Central Hwy', 94577, '510-503-71', 'carma@cox.net', 0),
(97, 'Hochard', 'Malinda', 'Indianapolis', '55 Riverside Ave', 46202, '317-722-50', 'malinda.hochard@yahoo.com', 0),
(98, 'Fern', 'Natalie', 'Rock Springs', '7140 University Ave', 82901, '307-704-87', 'natalie.fern@hotmail.com', 0),
(99, 'Centini', 'Lisha', 'Mc Lean', '64 5th Ave #1153', 22102, '703-235-39', 'lisha@centini.org', 0),
(100, 'Klusman', 'Arlene', 'New Orleans', '3 Secor Rd', 70112, '504-710-58', 'arlene_klusman@gmail.com', 0),
(101, 'Buemi', 'Alease', 'Boulder', '4 Webbs Chapel Rd', 80303, '303-301-49', 'alease@buemi.com', 0),
(102, 'Cronauer', 'Louisa', 'San Leandro', '524 Louisiana Ave Nw', 94577, '510-828-70', 'louisa@cronauer.com', 0),
(103, 'Cetta', 'Angella', 'Honolulu', '185 Blackstone Bldge', 96817, '808-892-79', 'angella.cetta@hotmail.com', 0),
(104, 'Goldammer', 'Cyndy', 'Burnsville', '170 Wyoming Ave', 55337, '952-334-94', 'cgoldammer@cox.net', 0),
(105, 'Cork', 'Rosio', 'High Point', '4 10th St W', 27263, '336-243-56', 'rosio.cork@gmail.com', 0),
(106, 'Korando', 'Celeste', 'Lynbrook', '7 W Pinhook Rd', 11563, '516-509-23', 'ckorando@hotmail.com', 0),
(107, 'Felger', 'Twana', 'Portland', '1 Commerce Way', 97224, '503-939-31', 'twana.felger@felger.org', 0),
(108, 'Samu', 'Estrella', 'Beloit', '64 Lakeview Ave', 53511, '608-976-71', 'estrella@aol.com', 0),
(109, 'Kines', 'Donte', 'Worcester', '3 Aspen St', 1602, '508-429-85', 'dkines@hotmail.com', 0),
(110, 'Steffensmeier', 'Tiffiny', 'Miami', '32860 Sierra Rd', 33133, '305-385-96', 'tiffiny_steffensmeier@cox.net', 0),
(111, 'Miceli', 'Edna', 'Erie', '555 Main St', 16502, '814-460-26', 'emiceli@miceli.org', 0),
(112, 'Kownacki', 'Sue', 'Mesquite', '2 Se 3rd Ave', 75149, '972-666-34', 'sue@aol.com', 0),
(113, 'Shin', 'Jesusa', 'Tullahoma', '2239 Shawnee Mission Pky', 37388, '931-273-87', 'jshin@shin.com', 0),
(114, 'Francescon', 'Rolland', 'Paterson', '2726 Charcot Ave', 7501, '973-649-29', 'rolland@cox.net', 0),
(115, 'Schmierer', 'Pamella', 'Homestead', '5161 Dorsett Rd', 33030, '305-420-89', 'pamella.schmierer@schmierer.org', 0),
(116, 'Kulzer', 'Glory', 'Owings Mills', '55892 Jacksonville Rd', 21117, '410-224-94', 'gkulzer@kulzer.org', 0),
(117, 'Palaspas', 'Shawna', 'Thousand Oaks', '5 N Cleveland Massillon Rd', 91362, '805-275-35', 'shawna_palaspas@palaspas.org', 0),
(118, 'Callaro', 'Brandon', 'Honolulu', '7 Benton Dr', 96819, '808-215-68', 'brandon_callaro@hotmail.com', 0),
(119, 'Cartan', 'Scarlet', 'Albany', '9390 S Howell Ave', 31701, '229-735-33', 'scarlet.cartan@yahoo.com', 0),
(120, 'Menter', 'Oretha', 'Boston', '8 County Center Dr #647', 2210, '617-418-50', 'oretha_menter@yahoo.com', 0),
(121, 'Smith', 'Ty', 'Hackensack', '4646 Kaahumanu St', 7601, '201-672-15', 'tsmith@aol.com', 0),
(122, 'Rochin', 'Xuan', 'San Mateo', '2 Monroe St', 94403, '650-933-50', 'xuan@gmail.com', 0),
(123, 'Dilello', 'Lindsey', 'Ontario', '52777 Leaders Heights Rd', 91761, '909-639-98', 'lindsey.dilello@hotmail.com', 0),
(124, 'Perez', 'Devora', 'Oakland', '72868 Blackington Ave', 94606, '510-955-30', 'devora_perez@perez.org', 0),
(125, 'Demesa', 'Herman', 'Troy', '9 Norristown Rd', 12180, '518-497-29', 'hdemesa@cox.net', 0),
(126, 'Papasergi', 'Rory', 'Clarks Summit', '83 County Road 437 #8581', 18411, '570-867-74', 'rpapasergi@cox.net', 0),
(127, 'Riopelle', 'Talia', 'Orange', '1 N Harlem Ave #9', 7050, '973-245-21', 'talia_riopelle@aol.com', 0),
(128, 'Shire', 'Van', 'Pittstown', '90131 J St', 8867, '908-409-28', 'van.shire@shire.com', 0),
(129, 'Lary', 'Lucina', 'Cocoa', '8597 W National Ave', 32922, '321-749-49', 'lucina_lary@cox.net', 0),
(130, 'Isaacs', 'Bok', 'Bronx', '6 Gilson St', 10468, '718-809-37', 'bok.isaacs@aol.com', 0),
(131, 'Spickerman', 'Rolande', 'Pearl City', '65 W Maple Ave', 96782, '808-315-30', 'rolande.spickerman@spickerman.com', 0),
(132, 'Paulas', 'Howard', 'Denver', '866 34th Ave', 80231, '303-623-42', 'hpaulas@gmail.com', 0),
(133, 'Madarang', 'Kimbery', 'Rockaway', '798 Lund Farm Way', 7866, '973-310-16', 'kimbery_madarang@cox.net', 0),
(134, 'Manno', 'Thurman', 'Absecon', '9387 Charcot Ave', 8201, '609-524-35', 'thurman.manno@yahoo.com', 0),
(135, 'Mirafuentes', 'Becky', 'Plainfield', '30553 Washington Rd', 7062, '908-877-84', 'becky.mirafuentes@mirafuentes.com', 0),
(136, 'Corrington', 'Beatriz', 'Middleboro', '481 W Lemon St', 2346, '508-584-42', 'beatriz@yahoo.com', 0),
(137, 'Maybury', 'Marti', 'Chicago', '4 Warehouse Point Rd #7', 60638, '773-775-45', 'marti.maybury@yahoo.com', 0),
(138, 'Gotter', 'Nieves', 'Portland', '4940 Pulaski Park Dr', 97202, '503-527-52', 'nieves_gotter@gmail.com', 0),
(139, 'Hagele', 'Leatha', 'Dallas', '627 Walford Ave', 75227, '214-339-18', 'lhagele@cox.net', 0),
(140, 'Klimek', 'Valentin', 'Chicago', '137 Pioneer Way', 60604, '312-303-54', 'vklimek@klimek.org', 0),
(141, 'Wiklund', 'Melissa', 'Findlay', '61 13 Stoneridge #835', 45840, '419-939-36', 'melissa@cox.net', 0),
(142, 'Zane', 'Sheridan', 'Riverside', '2409 Alabama Rd', 92501, '951-645-36', 'sheridan.zane@zane.com', 0),
(143, 'Padilla', 'Bulah', 'Waco', '8927 Vandever Ave', 76707, '254-463-43', 'bulah_padilla@hotmail.com', 0),
(144, 'Kohnert', 'Audra', 'Nashville', '134 Lewis Rd', 37211, '615-406-78', 'audra@kohnert.com', 0),
(145, 'Weirather', 'Daren', 'Milwaukee', '9 N College Ave #3', 53216, '414-959-25', 'dweirather@aol.com', 0),
(146, 'Jillson', 'Fernanda', 'Preston', '60480 Old Us Highway 51', 21655, '410-387-52', 'fjillson@aol.com', 0),
(147, 'Gellinger', 'Gearldine', 'Irving', '4 Bloomfield Ave', 75061, '972-934-69', 'gearldine_gellinger@gellinger.com', 0),
(148, 'Kitzman', 'Chau', 'Beverly Hills', '429 Tiger Ln', 90212, '310-560-80', 'chau@gmail.com', 0),
(149, 'Frey', 'Theola', 'Massapequa', '54169 N Main St', 11758, '516-948-57', 'theola_frey@frey.com', 0),
(150, 'Haroldson', 'Cheryl', 'Atlantic City', '92 Main St', 8401, '609-518-76', 'cheryl@haroldson.org', 0),
(151, 'Merced', 'Laticia', 'Cincinnati', '72 Mannix Dr', 45203, '513-508-73', 'lmerced@gmail.com', 0),
(152, 'Batman', 'Carissa', 'Eugene', '12270 Caton Center Dr', 97401, '541-326-40', 'carissa.batman@yahoo.com', 0),
(153, 'Craghead', 'Lezlie', 'Smithfield', '749 W 18th St #45', 27577, '919-533-37', 'lezlie.craghead@craghead.org', 0),
(154, 'Shealy', 'Ozell', 'New York', '8 Industry Ln', 10002, '212-332-84', 'oshealy@hotmail.com', 0),
(155, 'Parvis', 'Arminda', 'Phoenix', '1 Huntwood Ave', 85017, '602-906-94', 'arminda@parvis.com', 0),
(156, 'Leto', 'Reita', 'Indianapolis', '55262 N French Rd', 46240, '317-234-11', 'reita.leto@gmail.com', 0),
(157, 'Luczki', 'Yolando', 'Syracuse', '422 E 21st St', 13214, '315-304-47', 'yolando@cox.net', 0),
(158, 'Stem', 'Lizette', 'Cherry Hill', '501 N 19th Ave', 8002, '856-487-54', 'lizette.stem@aol.com', 0),
(159, 'Pawlowicz', 'Gregoria', 'Garden City', '455 N Main Ave', 11530, '516-212-19', 'gpawlowicz@yahoo.com', 0),
(160, 'Deleo', 'Carin', 'Little Rock', '1844 Southern Blvd', 72202, '501-308-10', 'cdeleo@deleo.com', 0),
(161, 'Maynerich', 'Chantell', 'Saint Paul', '2023 Greg St', 55101, '651-591-25', 'chantell@yahoo.com', 0),
(162, 'Yum', 'Dierdre', 'Philadelphia', '63381 Jenks Ave', 19134, '215-325-30', 'dyum@yahoo.com', 0),
(163, 'Gudroe', 'Larae', 'Houma', '6651 Municipal Rd', 70360, '985-890-72', 'larae_gudroe@gmail.com', 0),
(164, 'Tolfree', 'Latrice', 'Ronkonkoma', '81 Norris Ave #525', 11779, '631-957-76', 'latrice.tolfree@hotmail.com', 0),
(165, 'Theodorov', 'Kerry', 'Sacramento', '6916 W Main St', 95827, '916-591-32', 'kerry.theodorov@gmail.com', 0),
(166, 'Hidvegi', 'Dorthy', 'Boise', '9635 S Main St', 83704, '208-649-23', 'dhidvegi@yahoo.com', 0),
(167, 'Lungren', 'Fannie', 'Round Rock', '17 Us Highway 111', 78664, '512-587-57', 'fannie.lungren@yahoo.com', 0),
(168, 'Radde', 'Evangelina', 'Philadelphia', '992 Civic Center Dr', 19123, '215-964-32', 'evangelina@aol.com', 0),
(169, 'Degroot', 'Novella', 'Hilo', '303 N Radcliffe St', 96720, '808-477-47', 'novella_degroot@degroot.org', 0),
(170, 'Hoa', 'Clay', 'Reno', '73 Saint Ann St #86', 89502, '775-501-81', 'choa@hoa.org', 0),
(171, 'Fallick', 'Jennifer', 'Wheeling', '44 58th St', 60090, '847-979-95', 'jfallick@yahoo.com', 0),
(172, 'Wolfgramm', 'Irma', 'Randolph', '9745 W Main St', 7869, '973-545-73', 'irma.wolfgramm@hotmail.com', 0),
(173, 'Coody', 'Eun', 'Spartanburg', '84 Bloomfield Ave', 29301, '864-256-36', 'eun@yahoo.com', 0),
(174, 'Cousey', 'Sylvia', 'Hampstead', '287 Youngstown Warren Rd', 21074, '410-209-95', 'sylvia_cousey@cousey.org', 0),
(175, 'Wrinkles', 'Nana', 'Mount Vernon', '6 Van Buren St', 10553, '914-855-21', 'nana@aol.com', 0),
(176, 'Springe', 'Layla', 'New York', '229 N Forty Driv', 10011, '212-260-31', 'layla.springe@cox.net', 0),
(177, 'Degonia', 'Joesph', 'Berkeley', '2887 Knowlton St #5435', 94710, '510-677-97', 'joesph_degonia@degonia.org', 0),
(178, 'Boord', 'Annabelle', 'Concord', '523 Marquette Ave', 1742, '978-697-62', 'annabelle.boord@cox.net', 0),
(179, 'Vinning', 'Stephaine', 'San Francisco', '3717 Hamann Industrial Pky', 94104, '415-767-65', 'stephaine@cox.net', 0),
(180, 'Sawchuk', 'Nelida', 'Paramus', '3 State Route 35 S', 7652, '201-971-16', 'nelida@gmail.com', 0),
(181, 'Hiatt', 'Marguerita', 'Oakley', '82 N Highway 67', 94561, '925-634-71', 'marguerita.hiatt@gmail.com', 0),
(182, 'Cookey', 'Carmela', 'Chicago', '9 Murfreesboro Rd', 60623, '773-494-41', 'ccookey@cookey.org', 0),
(183, 'Brideau', 'Junita', 'Cedar Grove', '6 S Broadway St', 7009, '973-943-34', 'jbrideau@aol.com', 0),
(184, 'Varriano', 'Claribel', 'Perrysburg', '6 Harry L Dr #6327', 43551, '419-544-49', 'claribel_varriano@cox.net', 0),
(185, 'Skursky', 'Benton', 'Gardena', '47939 Porter Ave', 90248, '310-579-29', 'benton.skursky@aol.com', 0),
(186, 'Skulski', 'Hillary', 'Homosassa', '9 Wales Rd Ne #914', 34448, '352-242-25', 'hillary.skulski@aol.com', 0),
(187, 'Bayless', 'Merilyn', 'Santa Clara', '195 13n N', 95054, '408-758-50', 'merilyn_bayless@cox.net', 0),
(188, 'Ennaco', 'Teri', 'Hazleton', '99 Tank Farm Rd', 18201, '570-889-51', 'tennaco@gmail.com', 0),
(189, 'Lawler', 'Merlyn', 'Jersey City', '4671 Alemany Blvd', 7304, '201-588-78', 'merlyn_lawler@hotmail.com', 0),
(190, 'Montezuma', 'Georgene', 'San Ramon', '98 University Dr', 94583, '925-615-51', 'gmontezuma@cox.net', 0),
(191, 'Mconnell', 'Jettie', 'Bridgewater', '50 E Wacker Dr', 8807, '908-802-35', 'jmconnell@hotmail.com', 0),
(192, 'Latzke', 'Lemuel', 'Bohemia', '70 Euclid Ave #722', 11716, '631-748-64', 'lemuel.latzke@gmail.com', 0),
(193, 'Knipp', 'Melodie', 'Thousand Oaks', '326 E Main St #6496', 91362, '805-690-16', 'mknipp@gmail.com', 0),
(194, 'Corbley', 'Candida', 'Somerville', '406 Main St', 8876, '908-275-83', 'candida_corbley@hotmail.com', 0),
(195, 'Karpin', 'Karan', 'Beaverton', '3 Elmwood Dr', 97005, '503-940-83', 'karan_karpin@gmail.com', 0),
(196, 'Scheyer', 'Andra', 'Salem', '9 Church St', 97302, '503-516-21', 'andra@gmail.com', 0),
(197, 'Poullion', 'Felicidad', 'Riverton', '9939 N 14th St', 8077, '856-305-97', 'fpoullion@poullion.com', 0),
(198, 'Strassner', 'Belen', 'Douglasville', '5384 Southwyck Blvd', 30135, '770-507-87', 'belen_strassner@aol.com', 0),
(199, 'Melnyk', 'Gracia', 'Jacksonville', '97 Airport Loop Dr', 32216, '904-235-36', 'gracia@melnyk.com', 0),
(200, 'Hanafan', 'Jolanda', 'Bangor', '37855 Nolan Rd', 4401, '207-458-91', 'jhanafan@gmail.com', 0),
(201, 'Toyama', 'Barrett', 'Kennedale', '4252 N Washington Ave #9', 76060, '817-765-57', 'barrett.toyama@toyama.org', 0),
(202, 'Fredicks', 'Helga', 'Buffalo', '42754 S Ash Ave', 14228, '716-752-41', 'helga_fredicks@yahoo.com', 0),
(203, 'Pinilla', 'Ashlyn', 'Opa Locka', '703 Beville Rd', 33054, '305-670-96', 'apinilla@cox.net', 0),
(204, 'Agramonte', 'Fausto', 'New York', '5 Harrison Rd', 10038, '212-313-17', 'fausto_agramonte@yahoo.com', 0),
(205, 'Caiafa', 'Ronny', 'Philadelphia', '73 Southern Blvd', 19103, '215-605-75', 'ronny.caiafa@caiafa.org', 0),
(206, 'Limmel', 'Marge', 'Crestview', '189 Village Park Rd', 32536, '850-430-16', 'marge@gmail.com', 0),
(207, 'Waymire', 'Norah', 'San Francisco', '6 Middlegate Rd #106', 94107, '415-306-78', 'norah.waymire@gmail.com', 0),
(208, 'Baltimore', 'Aliza', 'San Jose', '1128 Delaware St', 95132, '408-504-35', 'aliza@aol.com', 0),
(209, 'Pelkowski', 'Mozell', 'South San Francisco', '577 Parade St', 94080, '650-947-12', 'mpelkowski@pelkowski.org', 0),
(210, 'Bitsuie', 'Viola', 'Northridge', '70 Mechanic St', 91325, '818-864-48', 'viola@gmail.com', 0),
(211, 'Emard', 'Franklyn', 'Philadelphia', '4379 Highway 116', 19103, '215-558-81', 'femard@emard.com', 0),
(212, 'Konopacki', 'Willodean', 'Lafayette', '55 Hawthorne Blvd', 70506, '337-253-83', 'willodean_konopacki@konopacki.org', 0),
(213, 'Silvestrini', 'Beckie', 'Dearborn', '7116 Western Ave', 48126, '313-533-48', 'beckie.silvestrini@silvestrini.com', 0),
(214, 'Gesick', 'Rebecka', 'Austin', '2026 N Plankinton Ave #3', 78754, '512-213-85', 'rgesick@gesick.org', 0),
(215, 'Blunk', 'Frederica', 'Dallas', '99586 Main St', 75207, '214-428-22', 'frederica_blunk@gmail.com', 0),
(216, 'Bartolet', 'Glen', 'Vashon', '8739 Hudson St', 98070, '206-697-57', 'glen_bartolet@hotmail.com', 0),
(217, 'Gochal', 'Freeman', 'Coatesville', '383 Gunderman Rd #197', 19320, '610-476-35', 'freeman_gochal@aol.com', 0),
(218, 'Meinerding', 'Vincent', 'Philadelphia', '4441 Point Term Mkt', 19143, '215-372-17', 'vincent.meinerding@hotmail.com', 0),
(219, 'Bevelacqua', 'Rima', 'Gardena', '2972 Lafayette Ave', 90248, '310-858-50', 'rima@cox.net', 0),
(220, 'Sarbacher', 'Glendora', 'Rohnert Park', '2140 Diamond Blvd', 94928, '707-653-82', 'gsarbacher@gmail.com', 0),
(221, 'Steier', 'Avery', 'Orlando', '93 Redmond Rd #492', 32803, '407-808-94', 'avery@cox.net', 0),
(222, 'Lother', 'Cristy', 'Escondido', '3989 Portage Tr', 92025, '760-971-43', 'cristy@lother.com', 0),
(223, 'Brossart', 'Nicolette', 'Westborough', '1 Midway Rd', 1581, '508-837-92', 'nicolette_brossart@brossart.com', 0),
(224, 'Modzelewski', 'Tracey', 'Conroe', '77132 Coon Rapids Blvd Nw', 77301, '936-264-92', 'tracey@hotmail.com', 0),
(225, 'Tegarden', 'Virgina', 'Milwaukee', '755 Harbor Way', 53226, '414-214-86', 'virgina_tegarden@tegarden.com', 0),
(226, 'Frankel', 'Tiera', 'El Monte', '87 Sierra Rd', 91731, '626-636-41', 'tfrankel@aol.com', 0),
(227, 'Bergesen', 'Alaine', 'Yonkers', '7667 S Hulen St #42', 10701, '914-300-91', 'alaine_bergesen@cox.net', 0),
(228, 'Mai', 'Earleen', 'Dallas', '75684 S Withlapopka Dr #32', 75227, '214-289-19', 'earleen_mai@cox.net', 0),
(229, 'Gobern', 'Leonida', 'Biloxi', '5 Elmwood Park Blvd', 39530, '228-235-56', 'leonida@gobern.org', 0),
(230, 'Auffrey', 'Ressie', 'Miami', '23 Palo Alto Sq', 33134, '305-604-89', 'ressie.auffrey@yahoo.com', 0),
(231, 'Mugnolo', 'Justine', 'New York', '38062 E Main St', 10048, '212-304-92', 'jmugnolo@yahoo.com', 0),
(232, 'Saulter', 'Eladia', 'Ramsey', '3958 S Dupont Hwy #7', 7446, '201-474-49', 'eladia@saulter.com', 0),
(233, 'Malvin', 'Chaya', 'Ann Arbor', '560 Civic Center Dr', 48103, '734-928-51', 'chaya@malvin.com', 0),
(234, 'Suffield', 'Gwenn', 'Deer Park', '3270 Dequindre Rd', 11729, '631-258-65', 'gwenn_suffield@suffield.org', 0),
(235, 'Karpel', 'Salena', 'Canton', '1 Garfield Ave #7', 44707, '330-791-85', 'skarpel@cox.net', 0),
(236, 'Fishburne', 'Yoko', 'New Haven', '9122 Carpenter Ave', 6511, '203-506-47', 'yoko@fishburne.com', 0),
(237, 'Moyd', 'Taryn', 'Fairfax', '48 Lenox St', 22030, '703-322-40', 'taryn.moyd@hotmail.com', 0),
(238, 'Polidori', 'Katina', 'Wilmington', '5 Little River Tpke', 1887, '978-626-29', 'katina_polidori@aol.com', 0),
(239, 'Plumer', 'Rickie', 'Toledo', '3 N Groesbeck Hwy', 43613, '419-693-13', 'rickie.plumer@aol.com', 0),
(240, 'Loader', 'Alex', 'Tacoma', '37 N Elm St #916', 98409, '253-660-78', 'alex@loader.com', 0),
(241, 'Vizarro', 'Lashon', 'Roseville', '433 Westminster Blvd #590', 95661, '916-741-78', 'lashon@aol.com', 0),
(242, 'Burnard', 'Lauran', 'Riverton', '66697 Park Pl #3224', 82501, '307-342-77', 'lburnard@burnard.com', 0),
(243, 'Setter', 'Ceola', 'Warren', '96263 Greenwood Pl', 4864, '207-627-75', 'ceola.setter@setter.org', 0),
(244, 'Rantanen', 'My', 'Richboro', '8 Mcarthur Ln', 18954, '215-491-56', 'my@hotmail.com', 0),
(245, 'Worlds', 'Lorrine', 'Tampa', '8 Fair Lawn Ave', 33614, '813-769-29', 'lorrine.worlds@worlds.com', 0),
(246, 'Sturiale', 'Peggie', 'El Cajon', '9 N 14th St', 92020, '619-608-17', 'peggie@cox.net', 0),
(247, 'Raymo', 'Marvel', 'College Station', '9 Vanowen St', 77840, '979-718-89', 'mraymo@yahoo.com', 0),
(248, 'Dinos', 'Daron', 'Highland Park', '18 Waterloo Geneva Rd', 60035, '847-233-30', 'daron_dinos@cox.net', 0),
(249, 'Fritz', 'An', 'Atlantic City', '506 S Hacienda Dr', 8401, '609-228-52', 'an_fritz@hotmail.com', 0),
(250, 'Stimmel', 'Portia', 'Bridgewater', '3732 Sherman Ave', 8807, '908-722-71', 'portia.stimmel@aol.com', 0),
(251, 'Aredondo', 'Rhea', 'Brooklyn', '25657 Live Oak St', 11226, '718-560-95', 'rhea_aredondo@cox.net', 0),
(252, 'Sama', 'Benedict', 'Saint Louis', '4923 Carey Ave', 63104, '314-787-15', 'bsama@cox.net', 0),
(253, 'Arias', 'Alyce', 'Stockton', '3196 S Rider Trl', 95207, '209-317-18', 'alyce@arias.org', 0),
(254, 'Berganza', 'Heike', 'Little Falls', '3 Railway Ave #75', 7424, '973-936-50', 'heike@gmail.com', 0),
(255, 'Dopico', 'Carey', 'Indianapolis', '87393 E Highland Rd', 46220, '317-578-24', 'carey_dopico@dopico.org', 0),
(256, 'Hellickson', 'Dottie', 'Seattle', '67 E Chestnut Hill Rd', 98133, '206-540-60', 'dottie@hellickson.org', 0),
(257, 'Hughey', 'Deandrea', 'Burlington', '33 Lewis Rd #46', 27215, '336-822-76', 'deandrea@yahoo.com', 0),
(258, 'Duenas', 'Kimberlie', 'Hays', '8100 Jacksonville Rd #7', 67601, '785-629-85', 'kimberlie_duenas@yahoo.com', 0),
(259, 'Staback', 'Martina', 'Orlando', '7 W Wabansia Ave #227', 32822, '407-471-69', 'martina_staback@staback.com', 0),
(260, 'Fillingim', 'Skye', 'Minneapolis', '25 Minters Chapel Rd #9', 55401, '612-508-26', 'skye_fillingim@yahoo.com', 0),
(261, 'Farrar', 'Jade', 'Columbia', '6882 Torresdale Ave', 29201, '803-352-53', 'jade.farrar@yahoo.com', 0),
(262, 'Hamilton', 'Charlene', 'Santa Rosa', '985 E 6th Ave', 95407, '707-300-17', 'charlene.hamilton@hotmail.com', 0),
(263, 'Acey', 'Geoffrey', 'Palatine', '7 West Ave #1', 60067, '847-222-17', 'geoffrey@gmail.com', 0),
(264, 'Westerbeck', 'Stevie', 'Costa Mesa', '26659 N 13th St', 92626, '949-867-40', 'stevie.westerbeck@yahoo.com', 0),
(265, 'Fortino', 'Pamella', 'Denver', '669 Packerland Dr #1438', 80212, '303-404-22', 'pamella@fortino.com', 0),
(266, 'Haufler', 'Harrison', 'New Haven', '759 Eldora St', 6515, '203-801-61', 'hhaufler@hotmail.com', 0),
(267, 'Engelberg', 'Johnna', 'Bothell', '5 S Colorado Blvd #449', 98021, '425-986-75', 'jengelberg@engelberg.org', 0),
(268, 'Cloney', 'Buddy', 'Strongsville', '944 Gaither Dr', 44136, '440-989-58', 'buddy.cloney@yahoo.com', 0),
(269, 'Riden', 'Dalene', 'Plaistow', '66552 Malone Rd', 3865, '603-315-68', 'dalene.riden@aol.com', 0),
(270, 'Zurcher', 'Jerry', 'Satellite Beach', '77 Massillon Rd #822', 32937, '321-518-59', 'jzurcher@zurcher.org', 0),
(271, 'Denooyer', 'Haydee', 'New York', '25346 New Rd', 10016, '212-792-86', 'hdenooyer@denooyer.org', 0),
(272, 'Cryer', 'Joseph', 'Huntington Beach', '60 Fillmore Ave', 92647, '714-584-22', 'joseph_cryer@cox.net', 0),
(273, 'Kippley', 'Deonna', 'Southfield', '57 Haven Ave #90', 48075, '248-913-46', 'deonna_kippley@hotmail.com', 0),
(274, 'Calvaresi', 'Raymon', 'Indianapolis', '6538 E Pomona St #60', 46222, '317-825-47', 'raymon.calvaresi@gmail.com', 0),
(275, 'Bubash', 'Alecia', 'Wichita Falls', '6535 Joyce St', 76301, '940-276-79', 'alecia@aol.com', 0),
(276, 'Layous', 'Ma', 'North Haven', '78112 Morris Ave', 6473, '203-721-33', 'mlayous@hotmail.com', 0),
(277, 'Coyier', 'Detra', 'Aberdeen', '96950 Hidden Ln', 21001, '410-739-92', 'detra@aol.com', 0),
(278, 'Rodeigues', 'Terrilyn', 'New Orleans', '3718 S Main St', 70130, '504-463-43', 'terrilyn.rodeigues@cox.net', 0),
(279, 'Lacovara', 'Salome', 'Richmond', '9677 Commerce Dr', 23219, '804-550-50', 'slacovara@gmail.com', 0),
(280, 'Keetch', 'Garry', 'Southampton', '5 Green Pond Rd #4', 18966, '215-979-87', 'garry_keetch@hotmail.com', 0),
(281, 'Neither', 'Matthew', 'Shakopee', '636 Commerce Dr #42', 55379, '952-651-75', 'mneither@yahoo.com', 0),
(282, 'Restrepo', 'Theodora', 'Miami', '42744 Hamann Industrial Pky #82', 33136, '305-936-82', 'theodora.restrepo@restrepo.com', 0),
(283, 'Kalafatis', 'Noah', 'Milwaukee', '1950 5th Ave', 53209, '414-263-52', 'noah.kalafatis@aol.com', 0),
(284, 'Sweigard', 'Carmen', 'Somerset', '61304 N French Rd', 8873, '732-941-26', 'csweigard@sweigard.com', 0),
(285, 'Hengel', 'Lavonda', 'Fargo', '87 Imperial Ct #79', 58102, '701-898-21', 'lavonda@cox.net', 0),
(286, 'Stoltzman', 'Junita', 'Carson City', '94 W Dodge Rd', 89701, '775-638-99', 'junita@aol.com', 0),
(287, 'Nicolozakes', 'Herminia', 'Scottsdale', '4 58th St #3519', 85254, '602-954-51', 'herminia@nicolozakes.org', 0),
(288, 'Good', 'Casie', 'Nashville', '5221 Bear Valley Rd', 37211, '615-390-22', 'casie.good@aol.com', 0),
(289, 'Maisto', 'Reena', 'Salisbury', '9648 S Main', 21801, '410-351-18', 'reena@hotmail.com', 0),
(290, 'Mallett', 'Mirta', 'New York', '7 S San Marcos Rd', 10004, '212-870-12', 'mirta_mallett@gmail.com', 0),
(291, 'Pontoriero', 'Cathrine', 'Amarillo', '812 S Haven St', 79109, '806-703-14', 'cathrine.pontoriero@pontoriero.com', 0),
(292, 'Tawil', 'Filiberto', 'Los Angeles', '3882 W Congress St #799', 90016, '323-765-25', 'ftawil@hotmail.com', 0),
(293, 'Upthegrove', 'Raul', 'La Mesa', '4 E Colonial Dr', 91942, '619-509-52', 'rupthegrove@yahoo.com', 0),
(294, 'Candlish', 'Sarah', 'Atlanta', '45 2nd Ave #9759', 30328, '770-732-11', 'sarah.candlish@gmail.com', 0),
(295, 'Treston', 'Lucy', 'Worcester', '57254 Brickell Ave #372', 1602, '508-769-52', 'lucy@cox.net', 0),
(296, 'Aquas', 'Judy', 'Niles', '8977 Connecticut Ave Nw #3', 49120, '269-756-72', 'jaquas@aquas.com', 0),
(297, 'Tjepkema', 'Yvonne', 'Fairfield', '9 Waydell St', 7004, '973-714-17', 'yvonne.tjepkema@hotmail.com', 0),
(298, 'Lace', 'Kayleigh', 'Lafayette', '43 Huey P Long Ave', 70508, '337-740-93', 'kayleigh.lace@yahoo.com', 0),
(299, 'Hirpara', 'Felix', 'Denver', '7563 Cornwall Rd #4462', 17517, '717-491-56', 'felix_hirpara@cox.net', 0),
(300, 'Sweely', 'Tresa', 'Valley Park', '22 Bridle Ln', 63088, '314-359-95', 'tresa_sweely@hotmail.com', 0),
(301, 'Turinetti', 'Kristeen', 'Arlington', '70099 E North Ave', 76013, '817-213-88', 'kristeen@gmail.com', 0),
(302, 'Regusters', 'Jenelle', 'Tampa', '3211 E Northeast Loop', 33619, '813-932-87', 'jregusters@regusters.com', 0),
(303, 'Monterrubio', 'Renea', 'Atlanta', '26 Montgomery St', 30328, '770-679-47', 'renea@hotmail.com', 0),
(304, 'Matuszak', 'Olive', 'Cathedral City', '13252 Lighthouse Ave', 92234, '760-938-60', 'olive@aol.com', 0),
(305, 'Reiber', 'Ligia', 'Lansing', '206 Main St #2804', 48933, '517-906-11', 'lreiber@cox.net', 0),
(306, 'Eschberger', 'Christiane', 'Phoenix', '96541 W Central Blvd', 85034, '602-390-49', 'christiane.eschberger@yahoo.com', 0),
(307, 'Schirpke', 'Goldie', 'Bangor', '34 Saint George Ave #2', 4401, '207-295-75', 'goldie.schirpke@yahoo.com', 0),
(308, 'Timenez', 'Loreta', 'Clinton', '47857 Coney Island Ave', 20735, '301-696-64', 'loreta.timenez@hotmail.com', 0),
(309, 'Hauenstein', 'Fabiola', 'York', '8573 Lincoln Blvd', 17404, '717-809-31', 'fabiola.hauenstein@hauenstein.org', 0),
(310, 'Perigo', 'Amie', 'Mesquite', '596 Santa Maria Ave #7913', 75150, '972-419-79', 'amie.perigo@yahoo.com', 0),
(311, 'Brachle', 'Raina', 'Butte', '3829 Ventura Blvd', 59701, '406-318-15', 'raina.brachle@brachle.org', 0),
(312, 'Canlas', 'Erinn', 'Livingston', '13 S Hacienda Dr', 7039, '973-767-30', 'erinn.canlas@canlas.com', 0),
(313, 'Lietz', 'Cherry', 'Waterford', '40 9th Ave Sw #91', 48329, '248-980-69', 'cherry@lietz.com', 0),
(314, 'Vonasek', 'Kattie', 'Cleveland', '2845 Boulder Crescent St', 44103, '216-923-37', 'kattie@vonasek.org', 0),
(315, 'Scriven', 'Lilli', 'Abilene', '33 State St', 79601, '325-631-15', 'lilli@aol.com', 0),
(316, 'Tomasulo', 'Whitley', 'Fort Worth', '2 S 15th St', 76107, '817-526-44', 'whitley.tomasulo@aol.com', 0),
(317, 'Adkin', 'Barbra', 'Brooklyn', '4 Kohler Memorial Dr', 11230, '718-201-37', 'badkin@hotmail.com', 0),
(318, 'Thyberg', 'Hermila', 'Providence', '1 Rancho Del Mar Shopping C', 2903, '401-893-48', 'hermila_thyberg@hotmail.com', 0),
(319, 'Flister', 'Jesusita', 'Lancaster', '3943 N Highland Ave', 17601, '717-885-91', 'jesusita.flister@hotmail.com', 0),
(320, 'Julia', 'Caitlin', 'Johnston', '5 Williams St', 2919, '401-948-49', 'caitlin.julia@julia.org', 0),
(321, 'Hoffis', 'Roosevelt', 'Hialeah', '60 Old Dover Rd', 33014, '305-622-47', 'roosevelt.hoffis@aol.com', 0),
(322, 'Halter', 'Helaine', 'Jersey City', '8 Sheridan Rd', 7304, '201-832-41', 'hhalter@yahoo.com', 0),
(323, 'Martabano', 'Lorean', 'San Antonio', '85092 Southern Blvd', 78204, '210-856-49', 'lorean.martabano@hotmail.com', 0),
(324, 'Buzick', 'France', 'Brooklyn', '64 Newman Springs Rd E', 11219, '718-478-85', 'france.buzick@yahoo.com', 0),
(325, 'Ferrario', 'Justine', 'Pomona', '48 Stratford Ave', 91768, '909-993-32', 'jferrario@hotmail.com', 0),
(326, 'Nabours', 'Adelina', 'Cleveland', '80 Pittsford Victor Rd #9', 44103, '216-230-48', 'adelina_nabours@gmail.com', 0),
(327, 'Dhamer', 'Derick', 'New York', '87163 N Main Ave', 10013, '212-304-45', 'ddhamer@cox.net', 0),
(328, 'Dallen', 'Jerry', 'Richmond', '393 Lafayette Ave', 23219, '804-762-95', 'jerry.dallen@yahoo.com', 0),
(329, 'Ragel', 'Leota', 'Trion', '99 5th Ave #33', 30753, '706-221-42', 'leota.ragel@gmail.com', 0),
(330, 'Amyot', 'Jutta', 'Broussard', '49 N Mays St', 70518, '337-515-14', 'jamyot@hotmail.com', 0),
(331, 'Gehrett', 'Aja', 'Nutley', '993 Washington Ave', 7110, '973-544-26', 'aja_gehrett@hotmail.com', 0),
(332, 'Herritt', 'Kirk', 'Vestal', '88 15th Ave Ne', 13850, '607-407-37', 'kirk.herritt@aol.com', 0),
(333, 'Mauson', 'Leonora', 'Passaic', '3381 E 40th Ave', 7055, '973-412-29', 'leonora@yahoo.com', 0),
(334, 'Brucato', 'Winfred', 'Moscow', '201 Ridgewood Rd', 83843, '208-252-45', 'winfred_brucato@hotmail.com', 0),
(335, 'Nachor', 'Tarra', 'San Francisco', '39 Moccasin Dr', 94104, '415-411-17', 'tarra.nachor@cox.net', 0),
(336, 'Loder', 'Corinne', 'North Attleboro', '4 Carroll St', 2760, '508-942-41', 'corinne@loder.org', 0),
(337, 'Labreche', 'Dulce', 'Rochester', '9581 E Arapahoe Rd', 48307, '248-357-87', 'dulce_labreche@yahoo.com', 0),
(338, 'Keneipp', 'Kate', 'Green Bay', '33 N Michigan Ave', 54301, '920-353-63', 'kate_keneipp@yahoo.com', 0),
(339, 'Ogg', 'Kaitlyn', 'Baltimore', '2 S Biscayne Blvd', 21230, '410-665-49', 'kaitlyn.ogg@gmail.com', 0),
(340, 'Saras', 'Sherita', 'Colorado Springs', '8 Us Highway 22', 80937, '719-669-16', 'sherita.saras@cox.net', 0),
(341, 'Stuer', 'Lashawnda', 'Toledo', '7422 Martin Ave #8', 43607, '419-588-87', 'lstuer@cox.net', 0),
(342, 'Syrop', 'Ernest', 'Hyattsville', '94 Chase Rd', 20785, '301-998-96', 'ernest@cox.net', 0),
(343, 'Halsey', 'Nobuko', 'New Bedford', '8139 I Hwy 10 #92', 2745, '508-855-98', 'nobuko.halsey@yahoo.com', 0),
(344, 'Wolny', 'Lavonna', 'Mc Lean', '5 Cabot Rd', 22102, '703-483-19', 'lavonna.wolny@hotmail.com', 0),
(345, 'Lizama', 'Lashaunda', 'Hanover', '3387 Ryan Dr', 21076, '410-678-24', 'llizama@cox.net', 0),
(346, 'Bilden', 'Mariann', 'Austin', '3125 Packer Ave #9851', 78753, '512-223-47', 'mariann.bilden@aol.com', 0),
(347, 'Rodenberger', 'Helene', 'Peoria', '347 Chestnut St', 85381, '623-461-85', 'helene@aol.com', 0),
(348, 'Estell', 'Roselle', 'Bucyrus', '8116 Mount Vernon Ave', 44820, '419-571-59', 'roselle.estell@hotmail.com', 0),
(349, 'Heintzman', 'Samira', 'Kent', '8772 Old County Rd #5410', 98032, '206-311-41', 'sheintzman@hotmail.com', 0),
(350, 'Meisel', 'Margart', 'Cincinnati', '868 State St #38', 45251, '513-617-23', 'margart_meisel@yahoo.com', 0),
(351, 'Bennick', 'Kristofer', 'Bloomington', '772 W River Dr', 47404, '812-368-15', 'kristofer.bennick@yahoo.com', 0),
(352, 'Acuff', 'Weldon', 'Arlington Heights', '73 W Barstow Ave', 60004, '847-353-21', 'wacuff@gmail.com', 0),
(353, 'Shadrick', 'Shalon', 'Brooklyn', '61047 Mayfield Ave', 11223, '718-232-23', 'shalon@cox.net', 0),
(354, 'Patak', 'Denise', 'Orlando', '2139 Santa Rosa Ave', 32801, '407-446-43', 'denise@patak.org', 0),
(355, 'Beech', 'Louvenia', 'Beverly Hills', '598 43rd St', 90210, '310-820-21', 'louvenia.beech@beech.com', 0),
(356, 'Yaw', 'Audry', 'Brandon', '70295 Pioneer Ct', 33511, '813-797-48', 'audry.yaw@yaw.org', 0),
(357, 'Ehmann', 'Kristel', 'El Paso', '92899 Kalakaua Ave', 79925, '915-452-12', 'kristel.ehmann@aol.com', 0),
(358, 'Zepp', 'Vincenza', 'El Cajon', '395 S 6th St #2', 92020, '619-603-51', 'vzepp@gmail.com', 0),
(359, 'Gwalthney', 'Elouise', 'Bladensburg', '9506 Edgemore Ave', 20710, '301-841-50', 'egwalthney@yahoo.com', 0),
(360, 'Maillard', 'Venita', 'Anaheim', '72119 S Walker Ave #63', 92801, '714-523-66', 'venita_maillard@gmail.com', 0),
(361, 'Semidey', 'Kasandra', 'Saint Louis', '369 Latham St #500', 63102, '314-732-91', 'kasandra_semidey@semidey.com', 0),
(362, 'Discipio', 'Xochitl', 'Round Rock', '3158 Runamuck Pl', 78664, '512-233-18', 'xdiscipio@gmail.com', 0),
(363, 'Linahan', 'Maile', 'Greensboro', '9 Plainsboro Rd #598', 27409, '336-670-26', 'mlinahan@yahoo.com', 0),
(364, 'Rauser', 'Krissy', 'Coram', '8728 S Broad St', 11727, '631-443-47', 'krauser@cox.net', 0),
(365, 'Dubaldi', 'Pete', 'Lyndhurst', '2215 Prosperity Dr', 7071, '201-825-25', 'pdubaldi@hotmail.com', 0),
(366, 'Paa', 'Linn', 'Memphis', '1 S Pine St', 38112, '901-412-43', 'linn_paa@paa.com', 0),
(367, 'Wide', 'Paris', 'Atlanta', '187 Market St', 30342, '404-505-44', 'paris@hotmail.com', 0),
(368, 'Dorshorst', 'Wynell', 'Pacifica', '94290 S Buchanan St', 94044, '650-473-12', 'wynell_dorshorst@dorshorst.org', 0),
(369, 'Birkner', 'Quentin', 'Burnsville', '7061 N 2nd St', 55337, '952-702-79', 'qbirkner@aol.com', 0),
(370, 'Kannady', 'Regenia', 'Scottsdale', '10759 Main St', 85260, '480-726-12', 'regenia.kannady@cox.net', 0),
(371, 'Louissant', 'Sheron', 'Long Island City', '97 E 3rd St #9', 11101, '718-976-86', 'sheron@aol.com', 0),
(372, 'Funnell', 'Izetta', 'Atlanta', '82 Winsor St #54', 30340, '770-844-34', 'izetta.funnell@hotmail.com', 0),
(373, 'Butzen', 'Rodolfo', 'Northfield', '41 Steel Ct', 55057, '507-210-35', 'rodolfo@hotmail.com', 0),
(374, 'Colla', 'Zona', 'Norwalk', '49440 Dearborn St', 6854, '203-461-19', 'zona@hotmail.com', 0),
(375, 'Zagen', 'Serina', 'Fort Wayne', '7 S Beverly Dr', 46802, '260-273-37', 'szagen@aol.com', 0),
(376, 'Sahagun', 'Paz', 'Meridian', '919 Wall Blvd', 39307, '601-927-82', 'paz_sahagun@cox.net', 0),
(377, 'Lukasik', 'Markus', 'Sterling Heights', '89 20th St E #779', 48310, '586-970-73', 'markus@yahoo.com', 0),
(378, 'Bachman', 'Jaclyn', 'Colorado Springs', '721 Interstate 45 S', 80919, '719-853-36', 'jaclyn@aol.com', 0),
(379, 'Daufeldt', 'Cyril', 'New York', '3 Lawton St', 10013, '212-745-84', 'cyril_daufeldt@daufeldt.com', 0),
(380, 'Schnitzler', 'Gayla', 'Hayward', '38 Pleasant Hill Rd', 94545, '510-686-34', 'gschnitzler@gmail.com', 0),
(381, 'Nievas', 'Erick', 'Chicago', '45 E Acacia Ct', 60624, '773-704-99', 'erick_nievas@aol.com', 0),
(382, 'Drymon', 'Jennie', 'Scranton', '63728 Poway Rd #1', 18509, '570-218-48', 'jennie@cox.net', 0),
(383, 'Scipione', 'Mitsue', 'Oroville', '77 222 Dr', 95965, '530-986-92', 'mscipione@scipione.com', 0),
(384, 'Ventura', 'Ciara', 'Port Jervis', '53 W Carey St', 12771, '845-823-88', 'cventura@yahoo.com', 0),
(385, 'Cantres', 'Galen', 'Brook Park', '617 Nw 36th Ave', 44142, '216-600-61', 'galen@yahoo.com', 0),
(386, 'Feichtner', 'Truman', 'Bloomfield', '539 Coldwater Canyon Ave', 7003, '973-852-27', 'tfeichtner@yahoo.com', 0),
(387, 'Kitty', 'Gail', 'Anchorage', '735 Crawford Dr', 99501, '907-435-91', 'gail@kitty.com', 0),
(388, 'Schoeneck', 'Dalene', 'Philadelphia', '910 Rahway Ave', 19102, '215-268-12', 'dalene@schoeneck.org', 0),
(389, 'Witten', 'Gertude', 'Cincinnati', '7 Tarrytown Rd', 45217, '513-977-70', 'gertude.witten@gmail.com', 0),
(390, 'Kohl', 'Lizbeth', 'Gardena', '35433 Blake St #588', 90248, '310-699-12', 'lizbeth@yahoo.com', 0),
(391, 'Berray', 'Glenn', 'Des Moines', '29 Cherry St #7073', 50315, '515-370-73', 'gberray@gmail.com', 0),
(392, 'Klang', 'Lashandra', 'King of Prussia', '810 N La Brea Ave', 19406, '610-809-18', 'lashandra@yahoo.com', 0),
(393, 'Newville', 'Lenna', 'Raleigh', '987 Main St', 27601, '919-623-25', 'lnewville@newville.com', 0),
(394, 'Pagliuca', 'Laurel', 'Richland', '36 Enterprise St Se', 99352, '509-695-51', 'laurel@yahoo.com', 0),
(395, 'Frerking', 'Mireya', 'Pelham', '8429 Miller Rd', 10803, '914-868-59', 'mireya.frerking@hotmail.com', 0),
(396, 'Tagala', 'Annelle', 'Parkville', '5 W 7th St', 21234, '410-757-10', 'annelle@yahoo.com', 0),
(397, 'Ketelsen', 'Dean', 'Hicksville', '2 Flynn Rd', 11801, '516-847-44', 'dean_ketelsen@gmail.com', 0),
(398, 'Munis', 'Levi', 'Worcester', '2094 Ne 36th Ave', 1603, '508-456-49', 'levi.munis@gmail.com', 0),
(399, 'Ryser', 'Sylvie', 'Tulsa', '649 Tulane Ave', 74105, '918-644-95', 'sylvie@aol.com', 0),
(400, 'Maile', 'Sharee', 'Muskegon', '2094 Montour Blvd', 49442, '231-467-99', 'sharee_maile@aol.com', 0),
(401, 'Storment', 'Cordelia', 'Lafayette', '393 Hammond Dr', 70506, '337-566-60', 'cordelia_storment@aol.com', 0),
(402, 'Mcdoniel', 'Mollie', 'Bowling Green', '8590 Lake Lizzie Dr', 43402, '419-975-31', 'mollie_mcdoniel@yahoo.com', 0),
(403, 'Mccullan', 'Brett', 'La Mesa', '87895 Concord Rd', 91942, '619-461-99', 'brett.mccullan@mccullan.com', 0),
(404, 'Pedrozo', 'Teddy', 'Bridgeport', '46314 Route 130', 6610, '203-892-38', 'teddy_pedrozo@aol.com', 0),
(405, 'Andreason', 'Tasia', 'Kearny', '4 Cowesett Ave', 7032, '201-920-90', 'tasia_andreason@yahoo.com', 0),
(406, 'Walthall', 'Hubert', 'Barberton', '95 Main Ave #2', 44203, '330-903-13', 'hubert@walthall.org', 0),
(407, 'Farrow', 'Arthur', 'Englewood', '28 S 7th St #2824', 7631, '201-238-56', 'arthur.farrow@yahoo.com', 0),
(408, 'Berlanga', 'Vilma', 'Grand Rapids', '79 S Howell Ave', 49546, '616-737-30', 'vberlanga@berlanga.com', 0),
(409, 'Miro', 'Billye', 'Pearl', '36 Lancaster Dr Se', 39208, '601-567-53', 'billye_miro@cox.net', 0),
(410, 'Slayton', 'Glenna', 'Memphis', '2759 Livingston Ave', 38118, '901-640-91', 'glenna_slayton@cox.net', 0),
(411, 'Hudnall', 'Mitzie', 'Englewood', '17 Jersey Ave', 80110, '303-402-19', 'mitzie_hudnall@yahoo.com', 0),
(412, 'Rodefer', 'Bernardine', 'Memphis', '2 W Grand Ave', 38112, '901-901-47', 'bernardine_rodefer@yahoo.com', 0),
(413, 'Schmaltz', 'Staci', 'Pasadena', '18 Coronado Ave #563', 91106, '626-866-23', 'staci_schmaltz@aol.com', 0),
(414, 'Meteer', 'Nichelle', 'Chicago', '72 Beechwood Ter', 60657, '773-225-99', 'nichelle_meteer@meteer.com', 0),
(415, 'Rhoden', 'Janine', 'Astoria', '92 Broadway', 11103, '718-228-58', 'jrhoden@yahoo.com', 0),
(416, 'Hoopengardner', 'Ettie', 'Richland', '39 Franklin Ave', 99352, '509-755-53', 'ettie.hoopengardner@hotmail.com', 0),
(417, 'Jayson', 'Eden', 'Baltimore', '4 Iwaena St', 21202, '410-890-78', 'eden_jayson@yahoo.com', 0),
(418, 'Auber', 'Lynelle', 'Newark', '32820 Corkwood Rd', 7104, '973-860-86', 'lynelle_auber@gmail.com', 0),
(419, 'Tomblin', 'Merissa', 'Bellflower', '34 Raritan Center Pky', 90706, '562-579-69', 'merissa.tomblin@gmail.com', 0),
(420, 'Kaniecki', 'Golda', 'Toms River', '6201 S Nevada Ave', 8755, '732-628-99', 'golda_kaniecki@yahoo.com', 0),
(421, 'Gleich', 'Catarina', 'Denville', '78 Maryland Dr #146', 7834, '973-210-39', 'catarina_gleich@hotmail.com', 0),
(422, 'Kiel', 'Virgie', 'Denver', '76598 Rd  I 95 #1', 80216, '303-776-75', 'vkiel@hotmail.com', 0),
(423, 'Ostolaza', 'Jolene', 'Newport News', '1610 14th St Nw', 23608, '757-682-71', 'jolene@yahoo.com', 0),
(424, 'Borgman', 'Keneth', 'Phoenix', '86350 Roszel Rd', 85012, '602-919-42', 'keneth@yahoo.com', 0),
(425, 'Nayar', 'Rikki', 'Miami', '1644 Clove Rd', 33155, '305-968-94', 'rikki@nayar.com', 0),
(426, 'Sengbusch', 'Elke', 'Phoenix', '9 W Central Ave', 85013, '602-896-29', 'elke_sengbusch@yahoo.com', 0),
(427, 'Sarao', 'Hoa', 'Oak Hill', '27846 Lafayette Ave', 32759, '386-526-78', 'hoa@sarao.org', 0),
(428, 'Mcrae', 'Trinidad', 'San Francisco', '10276 Brooks St', 94105, '415-331-96', 'trinidad_mcrae@yahoo.com', 0),
(429, 'Lueckenbach', 'Mari', 'San Diego', '1 Century Park E', 92110, '858-793-96', 'mari_lueckenbach@yahoo.com', 0),
(430, 'Husser', 'Selma', 'Jersey City', '9 State Highway 57 #22', 7306, '201-991-83', 'selma.husser@cox.net', 0),
(431, 'Onofrio', 'Antione', 'San Bernardino', '4 S Washington Ave', 92410, '909-430-77', 'aonofrio@onofrio.com', 0),
(432, 'Jurney', 'Luisa', 'Cambridge', '25 Se 176th Pl', 2138, '617-365-21', 'ljurney@hotmail.com', 0),
(433, 'Heimann', 'Clorinda', 'Escondido', '105 Richmond Valley Rd', 92025, '760-291-54', 'clorinda.heimann@hotmail.com', 0),
(434, 'Wenzinger', 'Dick', 'Gardena', '22 Spruce St #595', 90248, '310-510-97', 'dick@yahoo.com', 0),
(435, 'Angalich', 'Ahmed', 'Harrisburg', '2 W Beverly Blvd', 17110, '717-528-89', 'ahmed.angalich@angalich.com', 0),
(436, 'Ohms', 'Iluminada', 'Mesa', '72 Southern Blvd', 85204, '480-293-28', 'iluminada.ohms@yahoo.com', 0),
(437, 'Leinenbach', 'Joanna', 'Lake Worth', '1 Washington St', 33461, '561-470-45', 'joanna_leinenbach@hotmail.com', 0),
(438, 'Suell', 'Caprice', 'Nashville', '90177 N 55th Ave', 37211, '615-246-18', 'caprice@aol.com', 0),
(439, 'Myricks', 'Stephane', 'Burlington', '9 Tower Ave', 41005, '859-717-76', 'stephane_myricks@cox.net', 0),
(440, 'Swayze', 'Quentin', 'Milan', '278 Bayview Ave', 48160, '734-561-61', 'quentin_swayze@yahoo.com', 0),
(441, 'Castros', 'Annmarie', 'Conroe', '80312 W 32nd St', 77301, '936-751-79', 'annmarie_castros@gmail.com', 0),
(442, 'Greenbush', 'Shonda', 'Clifton', '82 Us Highway 46', 7011, '973-482-24', 'shonda_greenbush@cox.net', 0),
(443, 'Lapage', 'Cecil', 'Union City', '4 Stovall St #72', 7087, '201-693-39', 'clapage@lapage.com', 0),
(444, 'Claucherty', 'Jeanice', 'Miami', '19 Amboy Ave', 33142, '305-988-41', 'jeanice.claucherty@yahoo.com', 0),
(445, 'Villanueva', 'Josphine', 'Moss', '63 Smith Ln #8343', 38575, '931-553-97', 'josphine_villanueva@villanueva.com', 0),
(446, 'Perruzza', 'Daniel', 'Santa Ana', '11360 S Halsted St', 92705, '714-771-38', 'dperruzza@perruzza.com', 0),
(447, 'Wildfong', 'Cassi', 'Rolling Meadows', '26849 Jefferson Hwy', 60008, '847-633-32', 'cassi.wildfong@aol.com', 0),
(448, 'Galam', 'Britt', 'Hatfield', '2500 Pringle Rd Se #508', 19440, '215-888-33', 'britt@galam.org', 0),
(449, 'Lipkin', 'Adell', 'Whippany', '65 Mountain View Dr', 7981, '973-654-15', 'adell.lipkin@lipkin.com', 0),
(450, 'Rowling', 'Jacqueline', 'Erie', '1 N San Saba', 16501, '814-865-81', 'jacqueline.rowling@yahoo.com', 0),
(451, 'Weglarz', 'Lonny', 'Salt Lake City', '51120 State Route 18', 84115, '801-293-98', 'lonny_weglarz@gmail.com', 0),
(452, 'Diestel', 'Lonna', 'Fayetteville', '1482 College Ave', 28301, '910-922-36', 'lonna_diestel@gmail.com', 0),
(453, 'Samara', 'Cristal', 'Los Angeles', '4119 Metropolitan Dr', 90021, '213-975-80', 'cristal@cox.net', 0),
(454, 'Grenet', 'Kenneth', 'East Lansing', '2167 Sierra Rd', 48823, '517-499-23', 'kenneth.grenet@grenet.org', 0),
(455, 'Mclaird', 'Elli', 'Utica', '6 Sunrise Ave', 13501, '315-818-26', 'emclaird@mclaird.com', 0),
(456, 'Jeanty', 'Alline', 'South Bend', '55713 Lake City Hwy', 46601, '574-656-28', 'ajeanty@gmail.com', 0),
(457, 'Eanes', 'Sharika', 'Orlando', '75698 N Fiesta Blvd', 32806, '407-312-16', 'sharika.eanes@aol.com', 0),
(458, 'Mcnease', 'Nu', 'Harrison', '88 Sw 28th Ter', 7029, '973-751-90', 'nu@gmail.com', 0),
(459, 'Comnick', 'Daniela', 'Trenton', '7 Flowers Rd #403', 8611, '609-200-85', 'dcomnick@cox.net', 0),
(460, 'Colaizzo', 'Cecilia', 'Madison', '4 Nw 12th St #3849', 53717, '608-382-45', 'cecilia_colaizzo@colaizzo.com', 0),
(461, 'Threets', 'Leslie', 'Katonah', '2 A Kelley Dr', 10536, '914-861-97', 'leslie@cox.net', 0),
(462, 'Koppinger', 'Nan', 'Greensboro', '88827 Frankford Ave', 27401, '336-370-53', 'nan@koppinger.com', 0),
(463, 'Dewar', 'Izetta', 'Baltimore', '2 W Scyene Rd #3', 21217, '410-473-17', 'idewar@dewar.com', 0),
(464, 'Arceo', 'Tegan', 'Monroe Township', '62260 Park Stre', 8831, '732-730-26', 'tegan.arceo@arceo.org', 0),
(465, 'Keener', 'Ruthann', 'Kerrville', '3424 29th St Se', 78028, '830-258-27', 'ruthann@hotmail.com', 0);
INSERT INTO `ugyfel` (`id`, `vezeteknev`, `keresztnev`, `varos`, `cim`, `irszam`, `telefonszam`, `email`, `pont`) VALUES
(466, 'Breland', 'Joni', 'Elk Grove Village', '35 E Main St #43', 60007, '847-519-59', 'joni_breland@cox.net', 0),
(467, 'Rentfro', 'Vi', 'Freehold', '7163 W Clark Rd', 7728, '732-605-47', 'vrentfro@cox.net', 0),
(468, 'Kardas', 'Colette', 'Omaha', '21575 S Apple Creek Rd', 68124, '402-896-59', 'colette.kardas@yahoo.com', 0),
(469, 'Tromblay', 'Malcolm', 'Annandale', '747 Leonis Blvd', 22003, '703-221-56', 'malcolm_tromblay@cox.net', 0),
(470, 'Harnos', 'Ryan', 'Plano', '13 Gunnison St', 75075, '972-558-16', 'ryan@cox.net', 0),
(471, 'Chaffins', 'Jess', 'New York', '18 3rd Ave', 10016, '212-510-46', 'jess.chaffins@chaffins.org', 0),
(472, 'Bourbon', 'Sharen', 'Syosset', '62 W Austin St', 11791, '516-816-15', 'sbourbon@yahoo.com', 0),
(473, 'Juvera', 'Nickolas', 'Crystal River', '177 S Rider Trl #52', 34429, '352-598-83', 'nickolas_juvera@cox.net', 0),
(474, 'Nunlee', 'Gary', 'Fortville', '2 W Mount Royal Ave', 46040, '317-542-60', 'gary_nunlee@nunlee.org', 0),
(475, 'Devreese', 'Diane', 'Saint Joseph', '1953 Telegraph Rd', 64504, '816-557-96', 'diane@cox.net', 0),
(476, 'Chavous', 'Roslyn', 'Jackson', '63517 Dupont St', 39211, '601-234-96', 'roslyn.chavous@chavous.org', 0),
(477, 'Schieler', 'Glory', 'Abilene', '5 E Truman Rd', 79602, '325-869-26', 'glory@yahoo.com', 0),
(478, 'Sayaphon', 'Rasheeda', 'Saratoga', '251 Park Ave #979', 95070, '408-805-43', 'rasheeda@aol.com', 0),
(479, 'Palaia', 'Alpha', 'Cherry Hill', '43496 Commercial Dr #29', 8003, '856-312-26', 'alpha@yahoo.com', 0),
(480, 'Jacobos', 'Refugia', 'Hayward', '2184 Worth St', 94545, '510-974-86', 'refugia.jacobos@jacobos.com', 0),
(481, 'Yori', 'Shawnda', 'Longwood', '50126 N Plankinton Ave', 32750, '407-538-51', 'shawnda.yori@yahoo.com', 0),
(482, 'Delasancha', 'Mona', 'Cheyenne', '38773 Gravois Ave', 82001, '307-403-14', 'mdelasancha@hotmail.com', 0),
(483, 'Liukko', 'Gilma', 'Garden City', '16452 Greenwich St', 11530, '516-393-99', 'gilma_liukko@gmail.com', 0),
(484, 'Gabisi', 'Janey', 'Madison', '40 Cambridge Ave', 53715, '608-967-71', 'jgabisi@hotmail.com', 0),
(485, 'Paskin', 'Lili', 'Kearny', '20113 4th Ave E', 7032, '201-431-29', 'lili.paskin@cox.net', 0),
(486, 'Asar', 'Loren', 'Old Forge', '6 Ridgewood Center Dr', 18518, '570-648-30', 'loren.asar@aol.com', 0),
(487, 'Chesterfield', 'Dorothy', 'San Diego', '469 Outwater Ln', 92126, '858-617-78', 'dorothy@cox.net', 0),
(488, 'Similton', 'Gail', 'Thousand Palms', '62 Monroe St', 92276, '760-616-53', 'gail_similton@similton.com', 0),
(489, 'Tillotson', 'Catalina', 'Margate City', '3338 A Lockport Pl #6', 8402, '609-373-33', 'catalina@hotmail.com', 0),
(490, 'Lorens', 'Lawrence', 'Providence', '9 Hwy', 2906, '401-465-64', 'lawrence.lorens@hotmail.com', 0),
(491, 'Boulter', 'Carlee', 'Abilene', '8284 Hart St', 67410, '785-347-18', 'carlee.boulter@hotmail.com', 0),
(492, 'Ankeny', 'Thaddeus', 'Roseville', '5 Washington St #1', 95678, '916-920-35', 'tankeny@ankeny.org', 0),
(493, 'Oles', 'Jovita', 'Daytona Beach', '8 S Haven St', 32114, '386-248-41', 'joles@gmail.com', 0),
(494, 'Hixenbaugh', 'Alesia', 'Washington', '9 Front St', 20001, '202-646-75', 'alesia_hixenbaugh@hixenbaugh.org', 0),
(495, 'Harabedian', 'Lai', 'Novato', '1933 Packer Ave #2', 94945, '415-423-32', 'lai@gmail.com', 0),
(496, 'Gillaspie', 'Brittni', 'Boise', '67 Rv Cent', 83709, '208-709-12', 'bgillaspie@gillaspie.com', 0),
(497, 'Kampa', 'Raylene', 'Elkhart', '2 Sw Nyberg Rd', 46514, '574-499-14', 'rkampa@kampa.org', 0),
(498, 'Bookamer', 'Flo', 'Alliance', '89992 E 15th St', 69301, '308-726-21', 'flo.bookamer@cox.net', 0),
(499, 'Biddy', 'Jani', 'Seattle', '61556 W 20th Ave', 98104, '206-711-64', 'jbiddy@yahoo.com', 0),
(500, 'Motley', 'Chauncey', 'Orlando', '63 E Aurora Dr', 32804, '407-413-48', 'chauncey_motley@aol.com', 0);

--
-- Indexek a kiírt táblákhoz
--

--
-- A tábla indexei `jarmu`
--
ALTER TABLE `jarmu`
  ADD PRIMARY KEY (`Id`),
  ADD UNIQUE KEY `rendszam` (`rendszam`),
  ADD KEY `kategoriaId` (`kategoriaId`);

--
-- A tábla indexei `jarmukategoria`
--
ALTER TABLE `jarmukategoria`
  ADD PRIMARY KEY (`Id`);

--
-- A tábla indexei `rendeles`
--
ALTER TABLE `rendeles`
  ADD PRIMARY KEY (`id`),
  ADD KEY `jarmu_id` (`jarmu_id`),
  ADD KEY `ugyfel_id` (`ugyfel_id`);

--
-- A tábla indexei `ugyfel`
--
ALTER TABLE `ugyfel`
  ADD PRIMARY KEY (`id`);

--
-- A kiírt táblák AUTO_INCREMENT értéke
--

--
-- AUTO_INCREMENT a táblához `jarmu`
--
ALTER TABLE `jarmu`
  MODIFY `Id` int(11) NOT NULL AUTO_INCREMENT, AUTO_INCREMENT=503;

--
-- AUTO_INCREMENT a táblához `jarmukategoria`
--
ALTER TABLE `jarmukategoria`
  MODIFY `Id` int(11) NOT NULL AUTO_INCREMENT, AUTO_INCREMENT=9;

--
-- AUTO_INCREMENT a táblához `rendeles`
--
ALTER TABLE `rendeles`
  MODIFY `id` int(11) NOT NULL AUTO_INCREMENT, AUTO_INCREMENT=3;

--
-- AUTO_INCREMENT a táblához `ugyfel`
--
ALTER TABLE `ugyfel`
  MODIFY `id` int(11) NOT NULL AUTO_INCREMENT, AUTO_INCREMENT=501;

--
-- Megkötések a kiírt táblákhoz
--

--
-- Megkötések a táblához `jarmu`
--
ALTER TABLE `jarmu`
  ADD CONSTRAINT `jarmu_ibfk_1` FOREIGN KEY (`kategoriaId`) REFERENCES `jarmukategoria` (`Id`);

--
-- Megkötések a táblához `rendeles`
--
ALTER TABLE `rendeles`
  ADD CONSTRAINT `rendeles_ibfk_1` FOREIGN KEY (`jarmu_id`) REFERENCES `jarmu` (`Id`),
  ADD CONSTRAINT `rendeles_ibfk_2` FOREIGN KEY (`ugyfel_id`) REFERENCES `ugyfel` (`Id`);
COMMIT;

/*!40101 SET CHARACTER_SET_CLIENT=@OLD_CHARACTER_SET_CLIENT */;
/*!40101 SET CHARACTER_SET_RESULTS=@OLD_CHARACTER_SET_RESULTS */;
/*!40101 SET COLLATION_CONNECTION=@OLD_COLLATION_CONNECTION */;
